"filename", "language", "Properties", "Markdown", "HTML", "JSON", "JavaScript", "Vue", "SCSS", "CSS", "XML", "comment", "blank", "total"
"/Users/sunshine/git/nrcp/bms/.editorconfig", "Properties", 12, 0, 0, 0, 0, 0, 0, 0, 0, 1, 3, 16
"/Users/sunshine/git/nrcp/bms/.postcssrc.js", "JavaScript", 0, 0, 0, 0, 7, 0, 0, 0, 0, 0, 1, 8
"/Users/sunshine/git/nrcp/bms/README.md", "Markdown", 0, 478, 0, 0, 0, 0, 0, 0, 0, 1, 79, 558
"/Users/sunshine/git/nrcp/bms/build/build.js", "JavaScript", 0, 0, 0, 0, 38, 0, 0, 0, 0, 0, 8, 46
"/Users/sunshine/git/nrcp/bms/build/check-versions.js", "JavaScript", 0, 0, 0, 0, 45, 0, 0, 0, 0, 0, 10, 55
"/Users/sunshine/git/nrcp/bms/build/utils.js", "JavaScript", 0, 0, 0, 0, 91, 0, 0, 0, 0, 5, 16, 112
"/Users/sunshine/git/nrcp/bms/build/vue-loader.conf.js", "JavaScript", 0, 0, 0, 0, 20, 0, 0, 0, 0, 0, 4, 24
"/Users/sunshine/git/nrcp/bms/build/webpack.base.conf.js", "JavaScript", 0, 0, 0, 0, 83, 0, 0, 0, 0, 4, 3, 90
"/Users/sunshine/git/nrcp/bms/build/webpack.dev.conf.js", "JavaScript", 0, 0, 0, 0, 94, 0, 0, 0, 0, 8, 8, 110
"/Users/sunshine/git/nrcp/bms/build/webpack.pack.conf.js", "JavaScript", 0, 0, 0, 0, 144, 0, 0, 0, 0, 30, 10, 184
"/Users/sunshine/git/nrcp/bms/config/baseConfig.js", "JavaScript", 0, 0, 0, 0, 12, 0, 0, 0, 0, 17, 7, 36
"/Users/sunshine/git/nrcp/bms/config/env.dev.js", "JavaScript", 0, 0, 0, 0, 23, 0, 0, 0, 0, 3, 5, 31
"/Users/sunshine/git/nrcp/bms/config/env.pre.js", "JavaScript", 0, 0, 0, 0, 11, 0, 0, 0, 0, 1, 5, 17
"/Users/sunshine/git/nrcp/bms/config/env.prod.js", "JavaScript", 0, 0, 0, 0, 13, 0, 0, 0, 0, 1, 5, 19
"/Users/sunshine/git/nrcp/bms/config/env.test.js", "JavaScript", 0, 0, 0, 0, 11, 0, 0, 0, 0, 1, 6, 18
"/Users/sunshine/git/nrcp/bms/config/env.test2.js", "JavaScript", 0, 0, 0, 0, 11, 0, 0, 0, 0, 1, 6, 18
"/Users/sunshine/git/nrcp/bms/config/env.test3.js", "JavaScript", 0, 0, 0, 0, 10, 0, 0, 0, 0, 1, 6, 17
"/Users/sunshine/git/nrcp/bms/config/env.test4.js", "JavaScript", 0, 0, 0, 0, 10, 0, 0, 0, 0, 1, 6, 17
"/Users/sunshine/git/nrcp/bms/config/env.test5.js", "JavaScript", 0, 0, 0, 0, 10, 0, 0, 0, 0, 1, 6, 17
"/Users/sunshine/git/nrcp/bms/config/index.js", "JavaScript", 0, 0, 0, 0, 6, 0, 0, 0, 0, 3, 4, 13
"/Users/sunshine/git/nrcp/bms/config/proxyTable.js", "JavaScript", 0, 0, 0, 0, 3, 0, 0, 0, 0, 32, 1, 36
"/Users/sunshine/git/nrcp/bms/index.html", "HTML", 0, 0, 18, 0, 0, 0, 0, 0, 0, 1, 1, 20
"/Users/sunshine/git/nrcp/bms/package.json", "JSON", 0, 0, 0, 117, 0, 0, 0, 0, 0, 0, 1, 118
"/Users/sunshine/git/nrcp/bms/redeme-pc.html", "HTML", 0, 0, 673, 0, 0, 0, 0, 0, 0, 0, 103, 776
"/Users/sunshine/git/nrcp/bms/src/App.vue", "Vue", 0, 0, 0, 0, 0, 66, 0, 0, 0, 2, 4, 72
"/Users/sunshine/git/nrcp/bms/src/api/client.js", "JavaScript", 0, 0, 0, 0, 625, 0, 0, 0, 0, 78, 1, 704
"/Users/sunshine/git/nrcp/bms/src/api/data.js", "JavaScript", 0, 0, 0, 0, 305, 0, 0, 0, 0, 60, 6, 371
"/Users/sunshine/git/nrcp/bms/src/api/demo.js", "JavaScript", 0, 0, 0, 0, 17, 0, 0, 0, 0, 3, 5, 25
"/Users/sunshine/git/nrcp/bms/src/api/demo2.js", "JavaScript", 0, 0, 0, 0, 9, 0, 0, 0, 0, 2, 4, 15
"/Users/sunshine/git/nrcp/bms/src/api/file.js", "JavaScript", 0, 0, 0, 0, 129, 0, 0, 0, 0, 20, 21, 170
"/Users/sunshine/git/nrcp/bms/src/api/finance.js", "JavaScript", 0, 0, 0, 0, 201, 0, 0, 0, 0, 21, 33, 255
"/Users/sunshine/git/nrcp/bms/src/api/goods.js", "JavaScript", 0, 0, 0, 0, 390, 0, 0, 0, 0, 43, 53, 486
"/Users/sunshine/git/nrcp/bms/src/api/goodsOperate.js", "JavaScript", 0, 0, 0, 0, 97, 0, 0, 0, 0, 12, 15, 124
"/Users/sunshine/git/nrcp/bms/src/api/index.js", "JavaScript", 0, 0, 0, 0, 32, 0, 0, 0, 0, 0, 4, 36
"/Users/sunshine/git/nrcp/bms/src/api/login.js", "JavaScript", 0, 0, 0, 0, 42, 0, 0, 0, 0, 3, 10, 55
"/Users/sunshine/git/nrcp/bms/src/api/order.js", "JavaScript", 0, 0, 0, 0, 481, 0, 0, 0, 0, 70, 78, 629
"/Users/sunshine/git/nrcp/bms/src/api/overview.js", "JavaScript", 0, 0, 0, 0, 33, 0, 0, 0, 0, 5, 3, 41
"/Users/sunshine/git/nrcp/bms/src/api/profile.js", "JavaScript", 0, 0, 0, 0, 17, 0, 0, 0, 0, 1, 5, 23
"/Users/sunshine/git/nrcp/bms/src/api/set.js", "JavaScript", 0, 0, 0, 0, 180, 0, 0, 0, 0, 22, 26, 228
"/Users/sunshine/git/nrcp/bms/src/api/shop.js", "JavaScript", 0, 0, 0, 0, 578, 0, 0, 0, 0, 73, 79, 730
"/Users/sunshine/git/nrcp/bms/src/api/websocketDemo.js", "JavaScript", 0, 0, 0, 0, 9, 0, 0, 0, 0, 3, 4, 16
"/Users/sunshine/git/nrcp/bms/src/assets/font/demo.css", "CSS", 0, 0, 0, 0, 0, 0, 0, 435, 0, 19, 86, 540
"/Users/sunshine/git/nrcp/bms/src/assets/font/demo_index.html", "HTML", 0, 0, 216, 0, 0, 0, 0, 0, 0, 2, 22, 240
"/Users/sunshine/git/nrcp/bms/src/assets/font/iconfont.css", "CSS", 0, 0, 0, 0, 0, 0, 0, 24, 0, 0, 6, 30
"/Users/sunshine/git/nrcp/bms/src/assets/font/iconfont.js", "JavaScript", 0, 0, 0, 0, 1, 0, 0, 0, 0, 0, 0, 1
"/Users/sunshine/git/nrcp/bms/src/assets/font/iconfont.json", "JSON", 0, 0, 0, 30, 0, 0, 0, 0, 0, 0, 1, 31
"/Users/sunshine/git/nrcp/bms/src/assets/font/iconfont.svg", "XML", 0, 0, 0, 0, 0, 0, 0, 0, 22, 3, 11, 36
"/Users/sunshine/git/nrcp/bms/src/assets/js/excel/Blob.js", "JavaScript", 0, 0, 0, 0, 136, 0, 0, 0, 0, 64, 10, 210
"/Users/sunshine/git/nrcp/bms/src/assets/js/excel/Export2Excel.js", "JavaScript", 0, 0, 0, 0, 106, 0, 0, 0, 0, 12, 26, 144
"/Users/sunshine/git/nrcp/bms/src/assets/js/maps/chinaMap.js", "JavaScript", 0, 0, 0, 0, 3179, 0, 0, 0, 0, 1, 1, 3181
"/Users/sunshine/git/nrcp/bms/src/assets/js/maps/worldMap.js", "JavaScript", 0, 0, 0, 0, 1969, 0, 0, 0, 0, 1, 0, 1970
"/Users/sunshine/git/nrcp/bms/src/assets/js/print.js", "JavaScript", 0, 0, 0, 0, 119, 0, 0, 0, 0, 4, 13, 136
"/Users/sunshine/git/nrcp/bms/src/assets/js/scroll-to.js", "JavaScript", 0, 0, 0, 0, 39, 0, 0, 0, 0, 15, 5, 59
"/Users/sunshine/git/nrcp/bms/src/assets/js/vcolorpicker.umd.js", "JavaScript", 0, 0, 0, 0, 598, 0, 0, 0, 0, 223, 127, 948
"/Users/sunshine/git/nrcp/bms/src/assets/json/decorateDemo.json", "JSON", 0, 0, 0, 1219, 0, 0, 0, 0, 0, 0, 0, 1219
"/Users/sunshine/git/nrcp/bms/src/assets/json/goodsList.json", "JSON", 0, 0, 0, 550, 0, 0, 0, 0, 0, 0, 0, 550
"/Users/sunshine/git/nrcp/bms/src/assets/json/goodsListProd.json", "JSON", 0, 0, 0, 550, 0, 0, 0, 0, 0, 0, 0, 550
"/Users/sunshine/git/nrcp/bms/src/assets/json/region.json", "JSON", 0, 0, 0, 13723, 0, 0, 0, 0, 0, 0, 1, 13724
"/Users/sunshine/git/nrcp/bms/src/assets/theme/config.json", "JSON", 0, 0, 0, 1, 0, 0, 0, 0, 0, 0, 0, 1
"/Users/sunshine/git/nrcp/bms/src/assets/theme/index.css", "CSS", 0, 0, 0, 0, 0, 0, 0, 1, 0, 0, 0, 1
"/Users/sunshine/git/nrcp/bms/src/components/Breadcrumb.vue", "Vue", 0, 0, 0, 0, 0, 58, 0, 0, 0, 1, 4, 63
"/Users/sunshine/git/nrcp/bms/src/components/ChartBase.vue", "Vue", 0, 0, 0, 0, 0, 85, 0, 0, 0, 3, 6, 94
"/Users/sunshine/git/nrcp/bms/src/components/Decorate/comps/componentArticleAD.vue", "Vue", 0, 0, 0, 0, 0, 259, 0, 0, 0, 4, 5, 268
"/Users/sunshine/git/nrcp/bms/src/components/Decorate/comps/componentArticleNav.vue", "Vue", 0, 0, 0, 0, 0, 312, 0, 0, 0, 51, 2, 365
"/Users/sunshine/git/nrcp/bms/src/components/Decorate/comps/componentBuyNotice.vue", "Vue", 0, 0, 0, 0, 0, 162, 0, 0, 0, 5, 6, 173
"/Users/sunshine/git/nrcp/bms/src/components/Decorate/comps/componentClassify.vue", "Vue", 0, 0, 0, 0, 0, 98, 0, 0, 0, 0, 7, 105
"/Users/sunshine/git/nrcp/bms/src/components/Decorate/comps/componentCoupon.vue", "Vue", 0, 0, 0, 0, 0, 237, 0, 0, 0, 18, 12, 267
"/Users/sunshine/git/nrcp/bms/src/components/Decorate/comps/componentCube.vue", "Vue", 0, 0, 0, 0, 0, 287, 0, 0, 0, 2, 18, 307
"/Users/sunshine/git/nrcp/bms/src/components/Decorate/comps/componentDiscount.vue", "Vue", 0, 0, 0, 0, 0, 1343, 0, 0, 0, 16, 18, 1377
"/Users/sunshine/git/nrcp/bms/src/components/Decorate/comps/componentDiscountPackage.vue", "Vue", 0, 0, 0, 0, 0, 1200, 0, 0, 0, 10, 6, 1216
"/Users/sunshine/git/nrcp/bms/src/components/Decorate/comps/componentEnterShop.vue", "Vue", 0, 0, 0, 0, 0, 89, 0, 0, 0, 0, 4, 93
"/Users/sunshine/git/nrcp/bms/src/components/Decorate/comps/componentFullReduction.vue", "Vue", 0, 0, 0, 0, 0, 183, 0, 0, 0, 4, 6, 193
"/Users/sunshine/git/nrcp/bms/src/components/Decorate/comps/componentGoods.vue", "Vue", 0, 0, 0, 0, 0, 1028, 0, 0, 0, 17, 15, 1060
"/Users/sunshine/git/nrcp/bms/src/components/Decorate/comps/componentGoodsGroup.vue", "Vue", 0, 0, 0, 0, 0, 366, 0, 0, 0, 23, 6, 395
"/Users/sunshine/git/nrcp/bms/src/components/Decorate/comps/componentGoodsSearch.vue", "Vue", 0, 0, 0, 0, 0, 161, 0, 0, 0, 1, 4, 166
"/Users/sunshine/git/nrcp/bms/src/components/Decorate/comps/componentHelpBlank.vue", "Vue", 0, 0, 0, 0, 0, 33, 0, 0, 0, 1, 6, 40
"/Users/sunshine/git/nrcp/bms/src/components/Decorate/comps/componentHelpLine.vue", "Vue", 0, 0, 0, 0, 0, 49, 0, 0, 0, 0, 4, 53
"/Users/sunshine/git/nrcp/bms/src/components/Decorate/comps/componentMultiPerson.vue", "Vue", 0, 0, 0, 0, 0, 1451, 0, 0, 0, 11, 16, 1478
"/Users/sunshine/git/nrcp/bms/src/components/Decorate/comps/componentNotice.vue", "Vue", 0, 0, 0, 0, 0, 45, 0, 0, 0, 0, 3, 48
"/Users/sunshine/git/nrcp/bms/src/components/Decorate/comps/componentNyuan.vue", "Vue", 0, 0, 0, 0, 0, 1177, 0, 0, 0, 11, 9, 1197
"/Users/sunshine/git/nrcp/bms/src/components/Decorate/comps/componentPageInfo.vue", "Vue", 0, 0, 0, 0, 0, 28, 0, 0, 0, 0, 7, 35
"/Users/sunshine/git/nrcp/bms/src/components/Decorate/comps/componentRichEditor.vue", "Vue", 0, 0, 0, 0, 0, 28, 0, 0, 0, 0, 7, 35
"/Users/sunshine/git/nrcp/bms/src/components/Decorate/comps/componentSecondkill.vue", "Vue", 0, 0, 0, 0, 0, 1331, 0, 0, 0, 14, 12, 1357
"/Users/sunshine/git/nrcp/bms/src/components/Decorate/comps/componentShopInfo.vue", "Vue", 0, 0, 0, 0, 0, 418, 0, 0, 0, 8, 4, 430
"/Users/sunshine/git/nrcp/bms/src/components/Decorate/comps/componentText.vue", "Vue", 0, 0, 0, 0, 0, 73, 0, 0, 0, 2, 5, 80
"/Users/sunshine/git/nrcp/bms/src/components/Decorate/comps/componentTitle.vue", "Vue", 0, 0, 0, 0, 0, 97, 0, 0, 0, 1, 5, 103
"/Users/sunshine/git/nrcp/bms/src/components/Decorate/comps/componentVideo.vue", "Vue", 0, 0, 0, 0, 0, 54, 0, 0, 0, 0, 5, 59
"/Users/sunshine/git/nrcp/bms/src/components/Decorate/config/widgetConfig.js", "JavaScript", 0, 0, 0, 0, 233, 0, 0, 0, 0, 12, 8, 253
"/Users/sunshine/git/nrcp/bms/src/components/Decorate/editView.vue", "Vue", 0, 0, 0, 0, 0, 332, 0, 0, 0, 44, 31, 407
"/Users/sunshine/git/nrcp/bms/src/components/Decorate/index.vue", "Vue", 0, 0, 0, 0, 0, 144, 0, 0, 0, 14, 18, 176
"/Users/sunshine/git/nrcp/bms/src/components/Decorate/mixins/mixinComps.vue", "Vue", 0, 0, 0, 0, 0, 39, 0, 0, 0, 0, 1, 40
"/Users/sunshine/git/nrcp/bms/src/components/Decorate/mixins/mixinProps.vue", "Vue", 0, 0, 0, 0, 0, 71, 0, 0, 0, 4, 4, 79
"/Users/sunshine/git/nrcp/bms/src/components/Decorate/propView.vue", "Vue", 0, 0, 0, 0, 0, 98, 0, 0, 0, 2, 8, 108
"/Users/sunshine/git/nrcp/bms/src/components/Decorate/props/propertyArticleAD.vue", "Vue", 0, 0, 0, 0, 0, 342, 0, 0, 0, 14, 18, 374
"/Users/sunshine/git/nrcp/bms/src/components/Decorate/props/propertyArticleNav.vue", "Vue", 0, 0, 0, 0, 0, 324, 0, 0, 0, 8, 12, 344
"/Users/sunshine/git/nrcp/bms/src/components/Decorate/props/propertyBuyNotice.vue", "Vue", 0, 0, 0, 0, 0, 130, 0, 0, 0, 2, 5, 137
"/Users/sunshine/git/nrcp/bms/src/components/Decorate/props/propertyClassify.vue", "Vue", 0, 0, 0, 0, 0, 123, 0, 0, 0, 7, 10, 140
"/Users/sunshine/git/nrcp/bms/src/components/Decorate/props/propertyCoupon.vue", "Vue", 0, 0, 0, 0, 0, 217, 0, 0, 0, 5, 12, 234
"/Users/sunshine/git/nrcp/bms/src/components/Decorate/props/propertyCube.vue", "Vue", 0, 0, 0, 0, 0, 390, 0, 0, 0, 8, 12, 410
"/Users/sunshine/git/nrcp/bms/src/components/Decorate/props/propertyDiscount.vue", "Vue", 0, 0, 0, 0, 0, 240, 0, 0, 0, 4, 15, 259
"/Users/sunshine/git/nrcp/bms/src/components/Decorate/props/propertyDiscountPackage.vue", "Vue", 0, 0, 0, 0, 0, 225, 0, 0, 0, 3, 13, 241
"/Users/sunshine/git/nrcp/bms/src/components/Decorate/props/propertyEnterShop.vue", "Vue", 0, 0, 0, 0, 0, 33, 0, 0, 0, 0, 6, 39
"/Users/sunshine/git/nrcp/bms/src/components/Decorate/props/propertyFullReduction.vue", "Vue", 0, 0, 0, 0, 0, 114, 0, 0, 0, 2, 7, 123
"/Users/sunshine/git/nrcp/bms/src/components/Decorate/props/propertyGoods.vue", "Vue", 0, 0, 0, 0, 0, 352, 0, 0, 0, 11, 22, 385
"/Users/sunshine/git/nrcp/bms/src/components/Decorate/props/propertyGoodsGroup.vue", "Vue", 0, 0, 0, 0, 0, 250, 0, 0, 0, 3, 14, 267
"/Users/sunshine/git/nrcp/bms/src/components/Decorate/props/propertyGoodsSearch.vue", "Vue", 0, 0, 0, 0, 0, 153, 0, 0, 0, 1, 5, 159
"/Users/sunshine/git/nrcp/bms/src/components/Decorate/props/propertyHelpBlank.vue", "Vue", 0, 0, 0, 0, 0, 33, 0, 0, 0, 0, 6, 39
"/Users/sunshine/git/nrcp/bms/src/components/Decorate/props/propertyHelpLine.vue", "Vue", 0, 0, 0, 0, 0, 52, 0, 0, 0, 0, 5, 57
"/Users/sunshine/git/nrcp/bms/src/components/Decorate/props/propertyMultiPerson.vue", "Vue", 0, 0, 0, 0, 0, 318, 0, 0, 0, 5, 18, 341
"/Users/sunshine/git/nrcp/bms/src/components/Decorate/props/propertyNotice.vue", "Vue", 0, 0, 0, 0, 0, 52, 0, 0, 0, 0, 5, 57
"/Users/sunshine/git/nrcp/bms/src/components/Decorate/props/propertyNyuan.vue", "Vue", 0, 0, 0, 0, 0, 227, 0, 0, 0, 3, 12, 242
"/Users/sunshine/git/nrcp/bms/src/components/Decorate/props/propertyPageInfo.vue", "Vue", 0, 0, 0, 0, 0, 124, 0, 0, 0, 3, 5, 132
"/Users/sunshine/git/nrcp/bms/src/components/Decorate/props/propertyRichEditor.vue", "Vue", 0, 0, 0, 0, 0, 75, 0, 0, 0, 4, 10, 89
"/Users/sunshine/git/nrcp/bms/src/components/Decorate/props/propertySecondkill.vue", "Vue", 0, 0, 0, 0, 0, 230, 0, 0, 0, 3, 12, 245
"/Users/sunshine/git/nrcp/bms/src/components/Decorate/props/propertyShopInfo.vue", "Vue", 0, 0, 0, 0, 0, 59, 0, 0, 0, 2, 9, 70
"/Users/sunshine/git/nrcp/bms/src/components/Decorate/props/propertyText.vue", "Vue", 0, 0, 0, 0, 0, 99, 0, 0, 0, 2, 8, 109
"/Users/sunshine/git/nrcp/bms/src/components/Decorate/props/propertyTitle.vue", "Vue", 0, 0, 0, 0, 0, 119, 0, 0, 0, 2, 7, 128
"/Users/sunshine/git/nrcp/bms/src/components/Decorate/props/propertyVideo.vue", "Vue", 0, 0, 0, 0, 0, 130, 0, 0, 0, 4, 9, 143
"/Users/sunshine/git/nrcp/bms/src/components/Decorate/tools/componentButton.vue", "Vue", 0, 0, 0, 0, 0, 137, 0, 0, 0, 0, 0, 137
"/Users/sunshine/git/nrcp/bms/src/components/Decorate/tools/componentEmpty.vue", "Vue", 0, 0, 0, 0, 0, 39, 0, 0, 0, 0, 4, 43
"/Users/sunshine/git/nrcp/bms/src/components/Decorate/widgetView.vue", "Vue", 0, 0, 0, 0, 0, 176, 0, 0, 0, 6, 11, 193
"/Users/sunshine/git/nrcp/bms/src/components/DialogBase.vue", "Vue", 0, 0, 0, 0, 0, 86, 0, 0, 0, 0, 7, 93
"/Users/sunshine/git/nrcp/bms/src/components/Empty.vue", "Vue", 0, 0, 0, 0, 0, 36, 0, 0, 0, 0, 3, 39
"/Users/sunshine/git/nrcp/bms/src/components/Form/index.vue", "Vue", 0, 0, 0, 0, 0, 76, 0, 0, 0, 0, 5, 81
"/Users/sunshine/git/nrcp/bms/src/components/Hamburger.vue", "Vue", 0, 0, 0, 0, 0, 56, 0, 0, 0, 0, 4, 60
"/Users/sunshine/git/nrcp/bms/src/components/MapBase.vue", "Vue", 0, 0, 0, 0, 0, 84, 0, 0, 0, 15, 15, 114
"/Users/sunshine/git/nrcp/bms/src/components/Pagination/index.vue", "Vue", 0, 0, 0, 0, 0, 99, 0, 0, 0, 0, 4, 103
"/Users/sunshine/git/nrcp/bms/src/components/RichEditor.vue", "Vue", 0, 0, 0, 0, 0, 138, 0, 0, 0, 20, 14, 172
"/Users/sunshine/git/nrcp/bms/src/components/SvgIcon.vue", "Vue", 0, 0, 0, 0, 0, 42, 0, 0, 0, 0, 3, 45
"/Users/sunshine/git/nrcp/bms/src/components/TableBase.vue", "Vue", 0, 0, 0, 0, 0, 107, 0, 0, 0, 6, 11, 124
"/Users/sunshine/git/nrcp/bms/src/components/TreeMenu.vue", "Vue", 0, 0, 0, 0, 0, 229, 0, 0, 0, 15, 2, 246
"/Users/sunshine/git/nrcp/bms/src/components/Wxcolor/color.js", "JavaScript", 0, 0, 0, 0, 100, 0, 0, 0, 0, 16, 11, 127
"/Users/sunshine/git/nrcp/bms/src/components/Wxcolor/common/EditableInput.vue", "Vue", 0, 0, 0, 0, 0, 95, 0, 0, 0, 14, 6, 115
"/Users/sunshine/git/nrcp/bms/src/components/Wxcolor/index.vue", "Vue", 0, 0, 0, 0, 0, 100, 0, 0, 0, 3, 6, 109
"/Users/sunshine/git/nrcp/bms/src/components/dialogs/exportTipDialog.vue", "Vue", 0, 0, 0, 0, 0, 84, 0, 0, 0, 1, 5, 90
"/Users/sunshine/git/nrcp/bms/src/components/errorPage/401.vue", "Vue", 0, 0, 0, 0, 0, 47, 0, 0, 0, 0, 4, 51
"/Users/sunshine/git/nrcp/bms/src/components/errorPage/404.vue", "Vue", 0, 0, 0, 0, 0, 225, 0, 0, 0, 0, 4, 229
"/Users/sunshine/git/nrcp/bms/src/components/layout/Layout.vue", "Vue", 0, 0, 0, 0, 0, 301, 0, 0, 0, 3, 12, 316
"/Users/sunshine/git/nrcp/bms/src/components/layout/components/AppMain.vue", "Vue", 0, 0, 0, 0, 0, 69, 0, 0, 0, 1, 6, 76
"/Users/sunshine/git/nrcp/bms/src/components/layout/components/Navbar.vue", "Vue", 0, 0, 0, 0, 0, 260, 0, 0, 0, 9, 12, 281
"/Users/sunshine/git/nrcp/bms/src/components/layout/components/RighterBar.vue", "Vue", 0, 0, 0, 0, 0, 222, 0, 0, 0, 18, 15, 255
"/Users/sunshine/git/nrcp/bms/src/components/layout/components/Sidebar/FixiOSBug.js", "JavaScript", 0, 0, 0, 0, 24, 0, 0, 0, 0, 2, 1, 27
"/Users/sunshine/git/nrcp/bms/src/components/layout/components/Sidebar/Item.vue", "Vue", 0, 0, 0, 0, 0, 27, 0, 0, 0, 0, 3, 30
"/Users/sunshine/git/nrcp/bms/src/components/layout/components/Sidebar/Link.vue", "Vue", 0, 0, 0, 0, 0, 38, 0, 0, 0, 1, 5, 44
"/Users/sunshine/git/nrcp/bms/src/components/layout/components/Sidebar/SidebarItem.vue", "Vue", 0, 0, 0, 0, 0, 116, 0, 0, 0, 5, 11, 132
"/Users/sunshine/git/nrcp/bms/src/components/layout/components/Sidebar/index.vue", "Vue", 0, 0, 0, 0, 0, 95, 0, 0, 0, 3, 6, 104
"/Users/sunshine/git/nrcp/bms/src/components/layout/components/TagsView.vue", "Vue", 0, 0, 0, 0, 0, 46, 0, 0, 0, 0, 8, 54
"/Users/sunshine/git/nrcp/bms/src/components/layout/components/index.js", "JavaScript", 0, 0, 0, 0, 4, 0, 0, 0, 0, 0, 1, 5
"/Users/sunshine/git/nrcp/bms/src/components/layout/mixin/ResizeHandler.js", "JavaScript", 0, 0, 0, 0, 38, 0, 0, 0, 0, 0, 4, 42
"/Users/sunshine/git/nrcp/bms/src/components/menus.js", "JavaScript", 0, 0, 0, 0, 118, 0, 0, 0, 0, 1, 1, 120
"/Users/sunshine/git/nrcp/bms/src/components/redirect/index.vue", "Vue", 0, 0, 0, 0, 0, 12, 0, 0, 0, 0, 1, 13
"/Users/sunshine/git/nrcp/bms/src/directives/index.js", "JavaScript", 0, 0, 0, 0, 112, 0, 0, 0, 0, 165, 16, 293
"/Users/sunshine/git/nrcp/bms/src/main.js", "JavaScript", 0, 0, 0, 0, 58, 0, 0, 0, 0, 23, 27, 108
"/Users/sunshine/git/nrcp/bms/src/mixins/anotherAuth.js", "JavaScript", 0, 0, 0, 0, 16, 0, 0, 0, 0, 0, 2, 18
"/Users/sunshine/git/nrcp/bms/src/router/apply.js", "JavaScript", 0, 0, 0, 0, 23, 0, 0, 0, 0, 0, 1, 24
"/Users/sunshine/git/nrcp/bms/src/router/client.js", "JavaScript", 0, 0, 0, 0, 81, 0, 0, 0, 0, 0, 1, 82
"/Users/sunshine/git/nrcp/bms/src/router/datum.js", "JavaScript", 0, 0, 0, 0, 52, 0, 0, 0, 0, 0, 1, 53
"/Users/sunshine/git/nrcp/bms/src/router/demo.js", "JavaScript", 0, 0, 0, 0, 60, 0, 0, 0, 0, 0, 1, 61
"/Users/sunshine/git/nrcp/bms/src/router/finance.js", "JavaScript", 0, 0, 0, 0, 82, 0, 0, 0, 0, 0, 1, 83
"/Users/sunshine/git/nrcp/bms/src/router/goods.js", "JavaScript", 0, 0, 0, 0, 54, 0, 0, 0, 0, 18, 1, 73
"/Users/sunshine/git/nrcp/bms/src/router/index.js", "JavaScript", 0, 0, 0, 0, 75, 0, 0, 0, 0, 3, 6, 84
"/Users/sunshine/git/nrcp/bms/src/router/intelligentOperation.js", "JavaScript", 0, 0, 0, 0, 59, 0, 0, 0, 0, 0, 2, 61
"/Users/sunshine/git/nrcp/bms/src/router/order.js", "JavaScript", 0, 0, 0, 0, 179, 0, 0, 0, 0, 0, 1, 180
"/Users/sunshine/git/nrcp/bms/src/router/profile.js", "JavaScript", 0, 0, 0, 0, 44, 0, 0, 0, 0, 0, 1, 45
"/Users/sunshine/git/nrcp/bms/src/router/set.js", "JavaScript", 0, 0, 0, 0, 92, 0, 0, 0, 0, 19, 1, 112
"/Users/sunshine/git/nrcp/bms/src/router/shop.js", "JavaScript", 0, 0, 0, 0, 112, 0, 0, 0, 0, 116, 17, 245
"/Users/sunshine/git/nrcp/bms/src/store/getters.js", "JavaScript", 0, 0, 0, 0, 20, 0, 0, 0, 0, 0, 4, 24
"/Users/sunshine/git/nrcp/bms/src/store/index.js", "JavaScript", 0, 0, 0, 0, 32, 0, 0, 0, 0, 0, 4, 36
"/Users/sunshine/git/nrcp/bms/src/store/modules/app.js", "JavaScript", 0, 0, 0, 0, 65, 0, 0, 0, 0, 0, 3, 68
"/Users/sunshine/git/nrcp/bms/src/store/modules/client.js", "JavaScript", 0, 0, 0, 0, 11, 0, 0, 0, 0, 0, 1, 12
"/Users/sunshine/git/nrcp/bms/src/store/modules/data.js", "JavaScript", 0, 0, 0, 0, 11, 0, 0, 0, 0, 0, 1, 12
"/Users/sunshine/git/nrcp/bms/src/store/modules/decorate.js", "JavaScript", 0, 0, 0, 0, 80, 0, 0, 0, 0, 18, 21, 119
"/Users/sunshine/git/nrcp/bms/src/store/modules/menu.js", "JavaScript", 0, 0, 0, 0, 11, 0, 0, 0, 0, 0, 1, 12
"/Users/sunshine/git/nrcp/bms/src/store/modules/permission.js", "JavaScript", 0, 0, 0, 0, 106, 0, 0, 0, 0, 14, 14, 134
"/Users/sunshine/git/nrcp/bms/src/store/modules/set.js", "JavaScript", 0, 0, 0, 0, 29, 0, 0, 0, 0, 1, 5, 35
"/Users/sunshine/git/nrcp/bms/src/store/modules/shop.js", "JavaScript", 0, 0, 0, 0, 46, 0, 0, 0, 0, 3, 5, 54
"/Users/sunshine/git/nrcp/bms/src/store/modules/tagsView.js", "JavaScript", 0, 0, 0, 0, 152, 0, 0, 0, 0, 0, 11, 163
"/Users/sunshine/git/nrcp/bms/src/store/modules/user.js", "JavaScript", 0, 0, 0, 0, 94, 0, 0, 0, 0, 28, 10, 132
"/Users/sunshine/git/nrcp/bms/src/styles/animate.css", "CSS", 0, 0, 0, 0, 0, 0, 0, 3057, 0, 11, 557, 3625
"/Users/sunshine/git/nrcp/bms/src/styles/decorate/iconfont.css", "CSS", 0, 0, 0, 0, 0, 0, 0, 25, 0, 0, 6, 31
"/Users/sunshine/git/nrcp/bms/src/styles/decorate/publicStyle.scss", "SCSS", 0, 0, 0, 0, 0, 0, 110, 0, 0, 16, 10, 136
"/Users/sunshine/git/nrcp/bms/src/styles/element-ui.scss", "SCSS", 0, 0, 0, 0, 0, 0, 50, 0, 0, 1, 6, 57
"/Users/sunshine/git/nrcp/bms/src/styles/index.scss", "SCSS", 0, 0, 0, 0, 0, 0, 765, 0, 0, 46, 67, 878
"/Users/sunshine/git/nrcp/bms/src/styles/mixin.scss", "SCSS", 0, 0, 0, 0, 0, 0, 61, 0, 0, 0, 6, 67
"/Users/sunshine/git/nrcp/bms/src/styles/shopStyle.scss", "SCSS", 0, 0, 0, 0, 0, 0, 534, 0, 0, 22, 76, 632
"/Users/sunshine/git/nrcp/bms/src/styles/sidebar-righter.scss", "SCSS", 0, 0, 0, 0, 0, 0, 11, 0, 0, 1, 1, 13
"/Users/sunshine/git/nrcp/bms/src/styles/sidebar.scss", "SCSS", 0, 0, 0, 0, 0, 0, 155, 0, 0, 10, 3, 168
"/Users/sunshine/git/nrcp/bms/src/styles/transition.scss", "SCSS", 0, 0, 0, 0, 0, 0, 35, 0, 0, 4, 9, 48
"/Users/sunshine/git/nrcp/bms/src/styles/variables.scss", "SCSS", 0, 0, 0, 0, 0, 0, 30, 0, 0, 23, 26, 79
"/Users/sunshine/git/nrcp/bms/src/system/appConfig.js", "JavaScript", 0, 0, 0, 0, 15, 0, 0, 0, 0, 1, 0, 16
"/Users/sunshine/git/nrcp/bms/src/system/auth.js", "JavaScript", 0, 0, 0, 0, 12, 0, 0, 0, 0, 0, 8, 20
"/Users/sunshine/git/nrcp/bms/src/system/constant/client.js", "JavaScript", 0, 0, 0, 0, 16, 0, 0, 0, 0, 4, 0, 20
"/Users/sunshine/git/nrcp/bms/src/system/constant/datum.js", "JavaScript", 0, 0, 0, 0, 154, 0, 0, 0, 0, 6, 0, 160
"/Users/sunshine/git/nrcp/bms/src/system/constant/finance.js", "JavaScript", 0, 0, 0, 0, 117, 0, 0, 0, 0, 19, 0, 136
"/Users/sunshine/git/nrcp/bms/src/system/constant/order.js", "JavaScript", 0, 0, 0, 0, 75, 0, 0, 0, 0, 17, 1, 93
"/Users/sunshine/git/nrcp/bms/src/system/constant/profile.js", "JavaScript", 0, 0, 0, 0, 168, 0, 0, 0, 0, 11, 0, 179
"/Users/sunshine/git/nrcp/bms/src/system/constant/set.js", "JavaScript", 0, 0, 0, 0, 535, 0, 0, 0, 0, 0, 6, 541
"/Users/sunshine/git/nrcp/bms/src/system/constant/wx.js", "JavaScript", 0, 0, 0, 0, 24, 0, 0, 0, 0, 0, 1, 25
"/Users/sunshine/git/nrcp/bms/src/system/permission.js", "JavaScript", 0, 0, 0, 0, 69, 0, 0, 0, 0, 13, 9, 91
"/Users/sunshine/git/nrcp/bms/src/system/request.js", "JavaScript", 0, 0, 0, 0, 200, 0, 0, 0, 0, 16, 16, 232
"/Users/sunshine/git/nrcp/bms/src/system/websocket.js", "JavaScript", 0, 0, 0, 0, 81, 0, 0, 0, 0, 7, 14, 102
"/Users/sunshine/git/nrcp/bms/src/utils/base.js", "JavaScript", 0, 0, 0, 0, 164, 0, 0, 0, 0, 53, 29, 246
"/Users/sunshine/git/nrcp/bms/src/utils/confirm.js", "JavaScript", 0, 0, 0, 0, 42, 0, 0, 0, 0, 1, 4, 47
"/Users/sunshine/git/nrcp/bms/src/utils/dateTime.js", "JavaScript", 0, 0, 0, 0, 193, 0, 0, 0, 0, 55, 21, 269
"/Users/sunshine/git/nrcp/bms/src/utils/eventHub.js", "JavaScript", 0, 0, 0, 0, 11, 0, 0, 0, 0, 5, 1, 17
"/Users/sunshine/git/nrcp/bms/src/utils/index.js", "JavaScript", 0, 0, 0, 0, 14, 0, 0, 0, 0, 0, 2, 16
"/Users/sunshine/git/nrcp/bms/src/utils/listManager.js", "JavaScript", 0, 0, 0, 0, 129, 0, 0, 0, 0, 84, 25, 238
"/Users/sunshine/git/nrcp/bms/src/utils/security.js", "JavaScript", 0, 0, 0, 0, 43, 0, 0, 0, 0, 22, 6, 71
"/Users/sunshine/git/nrcp/bms/src/utils/transform.js", "JavaScript", 0, 0, 0, 0, 57, 0, 0, 0, 0, 23, 8, 88
"/Users/sunshine/git/nrcp/bms/src/utils/validate.js", "JavaScript", 0, 0, 0, 0, 32, 0, 0, 0, 0, 10, 9, 51
"/Users/sunshine/git/nrcp/bms/src/views/apply/index.vue", "Vue", 0, 0, 0, 0, 0, 101, 0, 0, 0, 8, 8, 117
"/Users/sunshine/git/nrcp/bms/src/views/client/allClient.vue", "Vue", 0, 0, 0, 0, 0, 605, 0, 0, 0, 6, 4, 615
"/Users/sunshine/git/nrcp/bms/src/views/client/batchLead.vue", "Vue", 0, 0, 0, 0, 0, 559, 0, 0, 0, 2, 3, 564
"/Users/sunshine/git/nrcp/bms/src/views/client/cardManage.vue", "Vue", 0, 0, 0, 0, 0, 248, 0, 0, 0, 1, 3, 252
"/Users/sunshine/git/nrcp/bms/src/views/client/clientImport.vue", "Vue", 0, 0, 0, 0, 0, 269, 0, 0, 0, 8, 2, 279
"/Users/sunshine/git/nrcp/bms/src/views/client/clientInfo.vue", "Vue", 0, 0, 0, 0, 0, 633, 0, 0, 0, 0, 3, 636
"/Users/sunshine/git/nrcp/bms/src/views/client/clientLabel.vue", "Vue", 0, 0, 0, 0, 0, 91, 0, 0, 0, 0, 2, 93
"/Users/sunshine/git/nrcp/bms/src/views/client/clientLevel.vue", "Vue", 0, 0, 0, 0, 0, 52, 0, 0, 0, 0, 2, 54
"/Users/sunshine/git/nrcp/bms/src/views/client/components/allClient/acTable.vue", "Vue", 0, 0, 0, 0, 0, 380, 0, 0, 0, 7, 2, 389
"/Users/sunshine/git/nrcp/bms/src/views/client/components/cardManage/cdTable.vue", "Vue", 0, 0, 0, 0, 0, 160, 0, 0, 0, 2, 5, 167
"/Users/sunshine/git/nrcp/bms/src/views/client/components/cardManage/lkTable.vue", "Vue", 0, 0, 0, 0, 0, 121, 0, 0, 0, 2, 4, 127
"/Users/sunshine/git/nrcp/bms/src/views/client/components/clientImport/ciTable.vue", "Vue", 0, 0, 0, 0, 0, 167, 0, 0, 0, 1, 4, 172
"/Users/sunshine/git/nrcp/bms/src/views/client/components/clientLabel/clTable.vue", "Vue", 0, 0, 0, 0, 0, 212, 0, 0, 0, 1, 2, 215
"/Users/sunshine/git/nrcp/bms/src/views/client/components/clientLevel/cvTable.vue", "Vue", 0, 0, 0, 0, 0, 213, 0, 0, 0, 1, 4, 218
"/Users/sunshine/git/nrcp/bms/src/views/client/components/creditsManage/cmTable.vue", "Vue", 0, 0, 0, 0, 0, 178, 0, 0, 0, 5, 5, 188
"/Users/sunshine/git/nrcp/bms/src/views/client/createCard.vue", "Vue", 0, 0, 0, 0, 0, 1101, 0, 0, 0, 8, 3, 1112
"/Users/sunshine/git/nrcp/bms/src/views/client/creditsManage.vue", "Vue", 0, 0, 0, 0, 0, 270, 0, 0, 0, 9, 3, 282
"/Users/sunshine/git/nrcp/bms/src/views/client/dialogs/allClient/addBlackDialog.vue", "Vue", 0, 0, 0, 0, 0, 595, 0, 0, 0, 10, 4, 609
"/Users/sunshine/git/nrcp/bms/src/views/client/dialogs/allClient/addTagDialog.vue", "Vue", 0, 0, 0, 0, 0, 132, 0, 0, 0, 0, 4, 136
"/Users/sunshine/git/nrcp/bms/src/views/client/dialogs/allClient/batchAddBlackDialog.vue", "Vue", 0, 0, 0, 0, 0, 311, 0, 0, 0, 4, 4, 319
"/Users/sunshine/git/nrcp/bms/src/views/client/dialogs/allClient/batchAddTagDialog.vue", "Vue", 0, 0, 0, 0, 0, 132, 0, 0, 0, 0, 5, 137
"/Users/sunshine/git/nrcp/bms/src/views/client/dialogs/allClient/batchDeleteUserDialog.vue", "Vue", 0, 0, 0, 0, 0, 74, 0, 0, 0, 0, 6, 80
"/Users/sunshine/git/nrcp/bms/src/views/client/dialogs/allClient/batchRemoveBlackDialog.vue", "Vue", 0, 0, 0, 0, 0, 76, 0, 0, 0, 2, 5, 83
"/Users/sunshine/git/nrcp/bms/src/views/client/dialogs/allClient/deleteUserDialog.vue", "Vue", 0, 0, 0, 0, 0, 68, 0, 0, 0, 0, 5, 73
"/Users/sunshine/git/nrcp/bms/src/views/client/dialogs/allClient/removeBlackDialog.vue", "Vue", 0, 0, 0, 0, 0, 105, 0, 0, 0, 2, 4, 111
"/Users/sunshine/git/nrcp/bms/src/views/client/dialogs/batchLead/chooseProductDialog.vue", "Vue", 0, 0, 0, 0, 0, 342, 0, 0, 0, 2, 3, 347
"/Users/sunshine/git/nrcp/bms/src/views/client/dialogs/cdTable/sendCardDialog.vue", "Vue", 0, 0, 0, 0, 0, 152, 0, 0, 0, 0, 5, 157
"/Users/sunshine/git/nrcp/bms/src/views/client/dialogs/clientImport/addChannelDialog.vue", "Vue", 0, 0, 0, 0, 0, 92, 0, 0, 0, 1, 5, 98
"/Users/sunshine/git/nrcp/bms/src/views/client/dialogs/clientImport/batchAddTagDialog.vue", "Vue", 0, 0, 0, 0, 0, 127, 0, 0, 0, 4, 5, 136
"/Users/sunshine/git/nrcp/bms/src/views/client/dialogs/clientImport/changeIdentityDialog.vue", "Vue", 0, 0, 0, 0, 0, 113, 0, 0, 0, 4, 5, 122
"/Users/sunshine/git/nrcp/bms/src/views/client/dialogs/clientInfo/addBlackDialog.vue", "Vue", 0, 0, 0, 0, 0, 604, 0, 0, 0, 5, 4, 613
"/Users/sunshine/git/nrcp/bms/src/views/client/dialogs/clientInfo/addTagDialog.vue", "Vue", 0, 0, 0, 0, 0, 129, 0, 0, 0, 0, 5, 134
"/Users/sunshine/git/nrcp/bms/src/views/client/dialogs/clientInfo/adjustBalanceDialog.vue", "Vue", 0, 0, 0, 0, 0, 155, 0, 0, 0, 0, 3, 158
"/Users/sunshine/git/nrcp/bms/src/views/client/dialogs/clientInfo/adjustCreditDialog.vue", "Vue", 0, 0, 0, 0, 0, 182, 0, 0, 0, 0, 3, 185
"/Users/sunshine/git/nrcp/bms/src/views/client/dialogs/clientInfo/balanceListDialog.vue", "Vue", 0, 0, 0, 0, 0, 120, 0, 0, 0, 0, 3, 123
"/Users/sunshine/git/nrcp/bms/src/views/client/dialogs/clientInfo/changeCardDialog.vue", "Vue", 0, 0, 0, 0, 0, 138, 0, 0, 0, 0, 4, 142
"/Users/sunshine/git/nrcp/bms/src/views/client/dialogs/clientInfo/changeIdentityDialog.vue", "Vue", 0, 0, 0, 0, 0, 117, 0, 0, 0, 0, 4, 121
"/Users/sunshine/git/nrcp/bms/src/views/client/dialogs/clientInfo/discountCouponDialog.vue", "Vue", 0, 0, 0, 0, 0, 201, 0, 0, 0, 0, 1, 202
"/Users/sunshine/git/nrcp/bms/src/views/client/dialogs/clientInfo/issueCodeDialog.vue", "Vue", 0, 0, 0, 0, 0, 366, 0, 0, 0, 0, 4, 370
"/Users/sunshine/git/nrcp/bms/src/views/client/dialogs/clientInfo/issueCouponDialog.vue", "Vue", 0, 0, 0, 0, 0, 343, 0, 0, 0, 0, 4, 347
"/Users/sunshine/git/nrcp/bms/src/views/client/dialogs/clientInfo/removeBlackDialog.vue", "Vue", 0, 0, 0, 0, 0, 105, 0, 0, 0, 2, 4, 111
"/Users/sunshine/git/nrcp/bms/src/views/client/dialogs/clientInfo/scoreListDialog.vue", "Vue", 0, 0, 0, 0, 0, 114, 0, 0, 0, 0, 4, 118
"/Users/sunshine/git/nrcp/bms/src/views/client/dialogs/clientInfo/sendCardDialog.vue", "Vue", 0, 0, 0, 0, 0, 103, 0, 0, 0, 8, 5, 116
"/Users/sunshine/git/nrcp/bms/src/views/client/dialogs/createCard/createCardDialog.vue", "Vue", 0, 0, 0, 0, 0, 212, 0, 0, 0, 0, 6, 218
"/Users/sunshine/git/nrcp/bms/src/views/client/dialogs/creditsManage/buyRegularDialog.vue", "Vue", 0, 0, 0, 0, 0, 539, 0, 0, 0, 3, 3, 545
"/Users/sunshine/git/nrcp/bms/src/views/client/dialogs/creditsManage/chooseProductDialog.vue", "Vue", 0, 0, 0, 0, 0, 181, 0, 0, 0, 8, 3, 192
"/Users/sunshine/git/nrcp/bms/src/views/client/dialogs/creditsManage/loginRegularDialog.vue", "Vue", 0, 0, 0, 0, 0, 157, 0, 0, 0, 0, 4, 161
"/Users/sunshine/git/nrcp/bms/src/views/client/dialogs/creditsManage/praiseRegularDialog.vue", "Vue", 0, 0, 0, 0, 0, 297, 0, 0, 0, 0, 4, 301
"/Users/sunshine/git/nrcp/bms/src/views/client/dialogs/creditsManage/repurchaseRegularDialog.vue", "Vue", 0, 0, 0, 0, 0, 161, 0, 0, 0, 0, 4, 165
"/Users/sunshine/git/nrcp/bms/src/views/client/dialogs/levelInfo/couponListDialog.vue", "Vue", 0, 0, 0, 0, 0, 128, 0, 0, 0, 4, 3, 135
"/Users/sunshine/git/nrcp/bms/src/views/client/dialogs/levelInfo/giftListDialog.vue", "Vue", 0, 0, 0, 0, 0, 125, 0, 0, 0, 4, 3, 132
"/Users/sunshine/git/nrcp/bms/src/views/client/dialogs/levelInfo/levelInfoDialog.vue", "Vue", 0, 0, 0, 0, 0, 131, 0, 0, 0, 0, 4, 135
"/Users/sunshine/git/nrcp/bms/src/views/client/dialogs/levelInfo/redListDialog.vue", "Vue", 0, 0, 0, 0, 0, 135, 0, 0, 0, 19, 3, 157
"/Users/sunshine/git/nrcp/bms/src/views/client/levelInfo.vue", "Vue", 0, 0, 0, 0, 0, 1094, 0, 0, 0, 17, 1, 1112
"/Users/sunshine/git/nrcp/bms/src/views/datum/accessPath.vue", "Vue", 0, 0, 0, 0, 0, 402, 0, 0, 0, 9, 7, 418
"/Users/sunshine/git/nrcp/bms/src/views/datum/commodityTransaction.vue", "Vue", 0, 0, 0, 0, 0, 296, 0, 0, 0, 15, 6, 317
"/Users/sunshine/git/nrcp/bms/src/views/datum/components/apChart.vue", "Vue", 0, 0, 0, 0, 0, 111, 0, 0, 0, 6, 1, 118
"/Users/sunshine/git/nrcp/bms/src/views/datum/components/ct1Table.vue", "Vue", 0, 0, 0, 0, 0, 85, 0, 0, 0, 1, 5, 91
"/Users/sunshine/git/nrcp/bms/src/views/datum/components/ct2Table.vue", "Vue", 0, 0, 0, 0, 0, 117, 0, 0, 0, 1, 3, 121
"/Users/sunshine/git/nrcp/bms/src/views/datum/components/durationChart.vue", "Vue", 0, 0, 0, 0, 0, 90, 0, 0, 0, 10, 3, 103
"/Users/sunshine/git/nrcp/bms/src/views/datum/components/ip1Chart.vue", "Vue", 0, 0, 0, 0, 0, 40, 0, 0, 0, 11, 2, 53
"/Users/sunshine/git/nrcp/bms/src/views/datum/components/ip2Chart.vue", "Vue", 0, 0, 0, 0, 0, 57, 0, 0, 0, 4, 1, 62
"/Users/sunshine/git/nrcp/bms/src/views/datum/components/ip3Chart.vue", "Vue", 0, 0, 0, 0, 0, 68, 0, 0, 0, 5, 1, 74
"/Users/sunshine/git/nrcp/bms/src/views/datum/components/ip4Chart.vue", "Vue", 0, 0, 0, 0, 0, 80, 0, 0, 0, 9, 4, 93
"/Users/sunshine/git/nrcp/bms/src/views/datum/components/pfChart.vue", "Vue", 0, 0, 0, 0, 0, 107, 0, 0, 0, 16, 3, 126
"/Users/sunshine/git/nrcp/bms/src/views/datum/identityProperty.vue", "Vue", 0, 0, 0, 0, 0, 368, 0, 0, 0, 31, 9, 408
"/Users/sunshine/git/nrcp/bms/src/views/datum/memberAnalysis.vue", "Vue", 0, 0, 0, 0, 0, 199, 0, 0, 0, 0, 3, 202
"/Users/sunshine/git/nrcp/bms/src/views/datum/memberConsumption.vue", "Vue", 0, 0, 0, 0, 0, 145, 0, 0, 0, 7, 6, 158
"/Users/sunshine/git/nrcp/bms/src/views/datum/passengerFlow.vue", "Vue", 0, 0, 0, 0, 0, 334, 0, 0, 0, 13, 16, 363
"/Users/sunshine/git/nrcp/bms/src/views/datum/purchaseOrder.vue", "Vue", 0, 0, 0, 0, 0, 338, 0, 0, 0, 8, 6, 352
"/Users/sunshine/git/nrcp/bms/src/views/demo/components/demoChart.vue", "Vue", 0, 0, 0, 0, 0, 100, 0, 0, 0, 6, 1, 107
"/Users/sunshine/git/nrcp/bms/src/views/demo/components/demoMap1.vue", "Vue", 0, 0, 0, 0, 0, 114, 0, 0, 0, 8, 10, 132
"/Users/sunshine/git/nrcp/bms/src/views/demo/components/demoMap2.vue", "Vue", 0, 0, 0, 0, 0, 37, 0, 0, 0, 3, 7, 47
"/Users/sunshine/git/nrcp/bms/src/views/demo/dialogs/demoDialog.vue", "Vue", 0, 0, 0, 0, 0, 38, 0, 0, 0, 0, 4, 42
"/Users/sunshine/git/nrcp/bms/src/views/demo/helloWorld.vue", "Vue", 0, 0, 0, 0, 0, 34, 0, 0, 0, 0, 7, 41
"/Users/sunshine/git/nrcp/bms/src/views/demo/helloWorld2.vue", "Vue", 0, 0, 0, 0, 0, 28, 0, 0, 0, 0, 6, 34
"/Users/sunshine/git/nrcp/bms/src/views/demo/helloWorld3.vue", "Vue", 0, 0, 0, 0, 0, 34, 0, 0, 0, 0, 6, 40
"/Users/sunshine/git/nrcp/bms/src/views/demo/helloWorld4.vue", "Vue", 0, 0, 0, 0, 0, 63, 0, 0, 0, 0, 8, 71
"/Users/sunshine/git/nrcp/bms/src/views/demo/helloWorld5.vue", "Vue", 0, 0, 0, 0, 0, 25, 0, 0, 0, 0, 5, 30
"/Users/sunshine/git/nrcp/bms/src/views/demo/helloWorld6.vue", "Vue", 0, 0, 0, 0, 0, 44, 0, 0, 0, 9, 8, 61
"/Users/sunshine/git/nrcp/bms/src/views/demo/helloWorld7.vue", "Vue", 0, 0, 0, 0, 0, 63, 0, 0, 0, 3, 10, 76
"/Users/sunshine/git/nrcp/bms/src/views/finance/components/faceSheet.vue", "Vue", 0, 0, 0, 0, 0, 283, 0, 0, 0, 4, 6, 293
"/Users/sunshine/git/nrcp/bms/src/views/finance/components/financeChart.vue", "Vue", 0, 0, 0, 0, 0, 73, 0, 0, 0, 6, 2, 81
"/Users/sunshine/git/nrcp/bms/src/views/finance/components/logisticsInquiry.vue", "Vue", 0, 0, 0, 0, 0, 257, 0, 0, 0, 4, 7, 268
"/Users/sunshine/git/nrcp/bms/src/views/finance/components/sgsTable.vue", "Vue", 0, 0, 0, 0, 0, 238, 0, 0, 0, 5, 4, 247
"/Users/sunshine/git/nrcp/bms/src/views/finance/components/taTable.vue", "Vue", 0, 0, 0, 0, 0, 286, 0, 0, 0, 5, 4, 295
"/Users/sunshine/git/nrcp/bms/src/views/finance/customerBalance.vue", "Vue", 0, 0, 0, 0, 0, 262, 0, 0, 0, 3, 7, 272
"/Users/sunshine/git/nrcp/bms/src/views/finance/dailyRevenue.vue", "Vue", 0, 0, 0, 0, 0, 209, 0, 0, 0, 3, 10, 222
"/Users/sunshine/git/nrcp/bms/src/views/finance/dialogs/auditSuccessDialog.vue", "Vue", 0, 0, 0, 0, 0, 61, 0, 0, 0, 1, 6, 68
"/Users/sunshine/git/nrcp/bms/src/views/finance/dialogs/auditWarnDialog.vue", "Vue", 0, 0, 0, 0, 0, 59, 0, 0, 0, 1, 6, 66
"/Users/sunshine/git/nrcp/bms/src/views/finance/dialogs/auditingDialog.vue", "Vue", 0, 0, 0, 0, 0, 237, 0, 0, 0, 1, 4, 242
"/Users/sunshine/git/nrcp/bms/src/views/finance/dialogs/exportDialog.vue", "Vue", 0, 0, 0, 0, 0, 100, 0, 0, 0, 1, 6, 107
"/Users/sunshine/git/nrcp/bms/src/views/finance/dialogs/exportTipDialog.vue", "Vue", 0, 0, 0, 0, 0, 71, 0, 0, 0, 1, 6, 78
"/Users/sunshine/git/nrcp/bms/src/views/finance/dialogs/failAuditDialog.vue", "Vue", 0, 0, 0, 0, 0, 174, 0, 0, 0, 1, 4, 179
"/Users/sunshine/git/nrcp/bms/src/views/finance/dialogs/handleAuditDialog.vue", "Vue", 0, 0, 0, 0, 0, 149, 0, 0, 0, 1, 5, 155
"/Users/sunshine/git/nrcp/bms/src/views/finance/dialogs/successAuditDialog.vue", "Vue", 0, 0, 0, 0, 0, 164, 0, 0, 0, 1, 4, 169
"/Users/sunshine/git/nrcp/bms/src/views/finance/dialogs/waitAuditDialog.vue", "Vue", 0, 0, 0, 0, 0, 137, 0, 0, 0, 1, 6, 144
"/Users/sunshine/git/nrcp/bms/src/views/finance/dialogs/warnDialog.vue", "Vue", 0, 0, 0, 0, 0, 59, 0, 0, 0, 1, 6, 66
"/Users/sunshine/git/nrcp/bms/src/views/finance/dialogs/withdrawDialog.vue", "Vue", 0, 0, 0, 0, 0, 151, 0, 0, 0, 1, 5, 157
"/Users/sunshine/git/nrcp/bms/src/views/finance/integralDetails.vue", "Vue", 0, 0, 0, 0, 0, 281, 0, 0, 0, 3, 7, 291
"/Users/sunshine/git/nrcp/bms/src/views/finance/logisticsReconciliation.vue", "Vue", 0, 0, 0, 0, 0, 42, 0, 0, 0, 2, 7, 51
"/Users/sunshine/git/nrcp/bms/src/views/finance/revenueExpenditureDetails.vue", "Vue", 0, 0, 0, 0, 0, 414, 0, 0, 0, 4, 10, 428
"/Users/sunshine/git/nrcp/bms/src/views/finance/revenueSituation.vue", "Vue", 0, 0, 0, 0, 0, 440, 0, 0, 0, 21, 8, 469
"/Users/sunshine/git/nrcp/bms/src/views/finance/smsGroupSends.vue", "Vue", 0, 0, 0, 0, 0, 224, 0, 0, 0, 3, 6, 233
"/Users/sunshine/git/nrcp/bms/src/views/finance/subCommissionBalance.vue", "Vue", 0, 0, 0, 0, 0, 306, 0, 0, 0, 4, 7, 317
"/Users/sunshine/git/nrcp/bms/src/views/finance/subCommissionDetails.vue", "Vue", 0, 0, 0, 0, 0, 356, 0, 0, 0, 7, 9, 372
"/Users/sunshine/git/nrcp/bms/src/views/finance/twitterAward.vue", "Vue", 0, 0, 0, 0, 0, 185, 0, 0, 0, 1, 6, 192
"/Users/sunshine/git/nrcp/bms/src/views/finance/withdrawalDetails.vue", "Vue", 0, 0, 0, 0, 0, 442, 0, 0, 0, 11, 11, 464
"/Users/sunshine/git/nrcp/bms/src/views/goods/addGoods.vue", "Vue", 0, 0, 0, 0, 0, 88, 0, 0, 0, 3, 6, 97
"/Users/sunshine/git/nrcp/bms/src/views/goods/batchPriceChange.vue", "Vue", 0, 0, 0, 0, 0, 376, 0, 0, 0, 4, 14, 394
"/Users/sunshine/git/nrcp/bms/src/views/goods/classify.vue", "Vue", 0, 0, 0, 0, 0, 516, 0, 0, 0, 1, 17, 534
"/Users/sunshine/git/nrcp/bms/src/views/goods/components/commisionSet.vue", "Vue", 0, 0, 0, 0, 0, 503, 0, 0, 0, 16, 14, 533
"/Users/sunshine/git/nrcp/bms/src/views/goods/components/h5.vue", "Vue", 0, 0, 0, 0, 0, 220, 0, 0, 0, 5, 6, 231
"/Users/sunshine/git/nrcp/bms/src/views/goods/components/miniCode.vue", "Vue", 0, 0, 0, 0, 0, 200, 0, 0, 0, 5, 5, 210
"/Users/sunshine/git/nrcp/bms/src/views/goods/components/specs.vue", "Vue", 0, 0, 0, 0, 0, 692, 0, 0, 0, 40, 20, 752
"/Users/sunshine/git/nrcp/bms/src/views/goods/components/subCommission.vue", "Vue", 0, 0, 0, 0, 0, 63, 0, 0, 0, 0, 1, 64
"/Users/sunshine/git/nrcp/bms/src/views/goods/dialogs/addCategoryDialog.vue", "Vue", 0, 0, 0, 0, 0, 372, 0, 0, 0, 8, 11, 391
"/Users/sunshine/git/nrcp/bms/src/views/goods/dialogs/addSpecifications.vue", "Vue", 0, 0, 0, 0, 0, 127, 0, 0, 0, 0, 8, 135
"/Users/sunshine/git/nrcp/bms/src/views/goods/dialogs/addTagDialog.vue", "Vue", 0, 0, 0, 0, 0, 158, 0, 0, 0, 0, 4, 162
"/Users/sunshine/git/nrcp/bms/src/views/goods/dialogs/alertDialog.vue", "Vue", 0, 0, 0, 0, 0, 48, 0, 0, 0, 0, 7, 55
"/Users/sunshine/git/nrcp/bms/src/views/goods/dialogs/choosingGoodsDialog.vue", "Vue", 0, 0, 0, 0, 0, 182, 0, 0, 0, 0, 10, 192
"/Users/sunshine/git/nrcp/bms/src/views/goods/dialogs/confirmActivityUndercarriageDialog.vue", "Vue", 0, 0, 0, 0, 0, 54, 0, 0, 0, 0, 6, 60
"/Users/sunshine/git/nrcp/bms/src/views/goods/dialogs/confirmGroundingDialog.vue", "Vue", 0, 0, 0, 0, 0, 53, 0, 0, 0, 0, 7, 60
"/Users/sunshine/git/nrcp/bms/src/views/goods/dialogs/confirmStockGroundingDialog.vue", "Vue", 0, 0, 0, 0, 0, 54, 0, 0, 0, 0, 6, 60
"/Users/sunshine/git/nrcp/bms/src/views/goods/dialogs/confirmUndercarriageDialog.vue", "Vue", 0, 0, 0, 0, 0, 54, 0, 0, 0, 0, 6, 60
"/Users/sunshine/git/nrcp/bms/src/views/goods/dialogs/copyUrlDialog.vue", "Vue", 0, 0, 0, 0, 0, 121, 0, 0, 0, 0, 6, 127
"/Users/sunshine/git/nrcp/bms/src/views/goods/dialogs/deleteActivityDialog.vue", "Vue", 0, 0, 0, 0, 0, 53, 0, 0, 0, 0, 7, 60
"/Users/sunshine/git/nrcp/bms/src/views/goods/dialogs/deleteAllTagsDialog.vue", "Vue", 0, 0, 0, 0, 0, 53, 0, 0, 0, 0, 7, 60
"/Users/sunshine/git/nrcp/bms/src/views/goods/dialogs/deleteDialog.vue", "Vue", 0, 0, 0, 0, 0, 53, 0, 0, 0, 0, 7, 60
"/Users/sunshine/git/nrcp/bms/src/views/goods/dialogs/deleteFenleiDialog.vue", "Vue", 0, 0, 0, 0, 0, 53, 0, 0, 0, 0, 7, 60
"/Users/sunshine/git/nrcp/bms/src/views/goods/dialogs/deleteFenleiMoreDialog.vue", "Vue", 0, 0, 0, 0, 0, 53, 0, 0, 0, 0, 7, 60
"/Users/sunshine/git/nrcp/bms/src/views/goods/dialogs/deleteMoreActivityDialog.vue", "Vue", 0, 0, 0, 0, 0, 54, 0, 0, 0, 0, 6, 60
"/Users/sunshine/git/nrcp/bms/src/views/goods/dialogs/deleteMoreDialog.vue", "Vue", 0, 0, 0, 0, 0, 53, 0, 0, 0, 0, 7, 60
"/Users/sunshine/git/nrcp/bms/src/views/goods/dialogs/editorPrice.vue", "Vue", 0, 0, 0, 0, 0, 105, 0, 0, 0, 0, 5, 110
"/Users/sunshine/git/nrcp/bms/src/views/goods/dialogs/editorPriceSpuDialog.vue", "Vue", 0, 0, 0, 0, 0, 177, 0, 0, 0, 7, 7, 191
"/Users/sunshine/git/nrcp/bms/src/views/goods/dialogs/editorStock.vue", "Vue", 0, 0, 0, 0, 0, 116, 0, 0, 0, 0, 5, 121
"/Users/sunshine/git/nrcp/bms/src/views/goods/dialogs/editorStockSpuDialog.vue", "Vue", 0, 0, 0, 0, 0, 171, 0, 0, 0, 0, 7, 178
"/Users/sunshine/git/nrcp/bms/src/views/goods/dialogs/editorUpperAndLowerRacksSpuDialog.vue", "Vue", 0, 0, 0, 0, 0, 164, 0, 0, 0, 0, 7, 171
"/Users/sunshine/git/nrcp/bms/src/views/goods/dialogs/groundingDialog.vue", "Vue", 0, 0, 0, 0, 0, 52, 0, 0, 0, 0, 7, 59
"/Users/sunshine/git/nrcp/bms/src/views/goods/dialogs/groundingStockDialog.vue", "Vue", 0, 0, 0, 0, 0, 54, 0, 0, 0, 0, 6, 60
"/Users/sunshine/git/nrcp/bms/src/views/goods/dialogs/libraryDialog.vue", "Vue", 0, 0, 0, 0, 0, 82, 0, 0, 0, 0, 6, 88
"/Users/sunshine/git/nrcp/bms/src/views/goods/dialogs/moveFenleiDialog.vue", "Vue", 0, 0, 0, 0, 0, 53, 0, 0, 0, 0, 7, 60
"/Users/sunshine/git/nrcp/bms/src/views/goods/dialogs/priceChangeDialog.vue", "Vue", 0, 0, 0, 0, 0, 159, 0, 0, 0, 14, 7, 180
"/Users/sunshine/git/nrcp/bms/src/views/goods/dialogs/recommendDialog.vue", "Vue", 0, 0, 0, 0, 0, 291, 0, 0, 0, 4, 16, 311
"/Users/sunshine/git/nrcp/bms/src/views/goods/dialogs/selectSpecifications.vue", "Vue", 0, 0, 0, 0, 0, 205, 0, 0, 0, 7, 16, 228
"/Users/sunshine/git/nrcp/bms/src/views/goods/dialogs/shareDialog.vue", "Vue", 0, 0, 0, 0, 0, 89, 0, 0, 0, 0, 6, 95
"/Users/sunshine/git/nrcp/bms/src/views/goods/dialogs/shareSelectDialog.vue", "Vue", 0, 0, 0, 0, 0, 117, 0, 0, 0, 0, 6, 123
"/Users/sunshine/git/nrcp/bms/src/views/goods/dialogs/timelyShelvingDialog.vue", "Vue", 0, 0, 0, 0, 0, 138, 0, 0, 0, 9, 6, 153
"/Users/sunshine/git/nrcp/bms/src/views/goods/dialogs/transferGoodsDialog.vue", "Vue", 0, 0, 0, 0, 0, 129, 0, 0, 0, 0, 10, 139
"/Users/sunshine/git/nrcp/bms/src/views/goods/dialogs/undercarriageActivityDialog.vue", "Vue", 0, 0, 0, 0, 0, 53, 0, 0, 0, 0, 6, 59
"/Users/sunshine/git/nrcp/bms/src/views/goods/dialogs/undercarriageDialog.vue", "Vue", 0, 0, 0, 0, 0, 54, 0, 0, 0, 0, 6, 60
"/Users/sunshine/git/nrcp/bms/src/views/goods/goodsDetail.vue", "Vue", 0, 0, 0, 0, 0, 3523, 0, 0, 0, 346, 123, 3992
"/Users/sunshine/git/nrcp/bms/src/views/goods/goodsList.vue", "Vue", 0, 0, 0, 0, 0, 1241, 0, 0, 0, 94, 75, 1410
"/Users/sunshine/git/nrcp/bms/src/views/goods/goodsListEmpty.vue", "Vue", 0, 0, 0, 0, 0, 53, 0, 0, 0, 0, 8, 61
"/Users/sunshine/git/nrcp/bms/src/views/goods/import.vue", "Vue", 0, 0, 0, 0, 0, 369, 0, 0, 0, 15, 11, 395
"/Users/sunshine/git/nrcp/bms/src/views/goods/tag.vue", "Vue", 0, 0, 0, 0, 0, 353, 0, 0, 0, 1, 13, 367
"/Users/sunshine/git/nrcp/bms/src/views/intelligentOperation/channel.vue", "Vue", 0, 0, 0, 0, 0, 316, 0, 0, 0, 15, 11, 342
"/Users/sunshine/git/nrcp/bms/src/views/intelligentOperation/channelDetail.vue", "Vue", 0, 0, 0, 0, 0, 166, 0, 0, 0, 6, 4, 176
"/Users/sunshine/git/nrcp/bms/src/views/intelligentOperation/components/channelTable.vue", "Vue", 0, 0, 0, 0, 0, 107, 0, 0, 0, 5, 2, 114
"/Users/sunshine/git/nrcp/bms/src/views/intelligentOperation/components/ma1Table.vue", "Vue", 0, 0, 0, 0, 0, 107, 0, 0, 0, 1, 5, 113
"/Users/sunshine/git/nrcp/bms/src/views/intelligentOperation/components/ma2Table.vue", "Vue", 0, 0, 0, 0, 0, 145, 0, 0, 0, 9, 5, 159
"/Users/sunshine/git/nrcp/bms/src/views/intelligentOperation/components/ma3Table.vue", "Vue", 0, 0, 0, 0, 0, 120, 0, 0, 0, 16, 6, 142
"/Users/sunshine/git/nrcp/bms/src/views/intelligentOperation/components/ma4Table.vue", "Vue", 0, 0, 0, 0, 0, 123, 0, 0, 0, 8, 7, 138
"/Users/sunshine/git/nrcp/bms/src/views/intelligentOperation/components/maTable.vue", "Vue", 0, 0, 0, 0, 0, 127, 0, 0, 0, 15, 5, 147
"/Users/sunshine/git/nrcp/bms/src/views/intelligentOperation/components/pp1Chart.vue", "Vue", 0, 0, 0, 0, 0, 61, 0, 0, 0, 11, 2, 74
"/Users/sunshine/git/nrcp/bms/src/views/intelligentOperation/components/pp2Chart.vue", "Vue", 0, 0, 0, 0, 0, 76, 0, 0, 0, 9, 1, 86
"/Users/sunshine/git/nrcp/bms/src/views/intelligentOperation/evaluate.vue", "Vue", 0, 0, 0, 0, 0, 341, 0, 0, 0, 16, 5, 362
"/Users/sunshine/git/nrcp/bms/src/views/intelligentOperation/integral.vue", "Vue", 0, 0, 0, 0, 0, 330, 0, 0, 0, 18, 6, 354
"/Users/sunshine/git/nrcp/bms/src/views/intelligentOperation/memberInfo.vue", "Vue", 0, 0, 0, 0, 0, 429, 0, 0, 0, 11, 9, 449
"/Users/sunshine/git/nrcp/bms/src/views/intelligentOperation/perPrice.vue", "Vue", 0, 0, 0, 0, 0, 396, 0, 0, 0, 11, 6, 413
"/Users/sunshine/git/nrcp/bms/src/views/intelligentOperation/rightsProtection.vue", "Vue", 0, 0, 0, 0, 0, 292, 0, 0, 0, 14, 5, 311
"/Users/sunshine/git/nrcp/bms/src/views/login/authredirect.vue", "Vue", 0, 0, 0, 0, 0, 10, 0, 0, 0, 0, 1, 11
"/Users/sunshine/git/nrcp/bms/src/views/login/index.vue", "Vue", 0, 0, 0, 0, 0, 372, 0, 0, 0, 57, 11, 440
"/Users/sunshine/git/nrcp/bms/src/views/login/shopsDialog.vue", "Vue", 0, 0, 0, 0, 0, 125, 0, 0, 0, 1, 3, 129
"/Users/sunshine/git/nrcp/bms/src/views/order/afterSaleBulkDelivery.vue", "Vue", 0, 0, 0, 0, 0, 472, 0, 0, 0, 20, 20, 512
"/Users/sunshine/git/nrcp/bms/src/views/order/afterSalesDetails.vue", "Vue", 0, 0, 0, 0, 0, 227, 0, 0, 0, 10, 10, 247
"/Users/sunshine/git/nrcp/bms/src/views/order/afterSalesManagement.vue", "Vue", 0, 0, 0, 0, 0, 515, 0, 0, 0, 6, 14, 535
"/Users/sunshine/git/nrcp/bms/src/views/order/batchImportAndDelivery.vue", "Vue", 0, 0, 0, 0, 0, 321, 0, 0, 0, 0, 9, 330
"/Users/sunshine/git/nrcp/bms/src/views/order/batchSupplementaryLogistics.vue", "Vue", 0, 0, 0, 0, 0, 555, 0, 0, 0, 37, 29, 621
"/Users/sunshine/git/nrcp/bms/src/views/order/bulkDelivery.vue", "Vue", 0, 0, 0, 0, 0, 132, 0, 0, 0, 0, 0, 132
"/Users/sunshine/git/nrcp/bms/src/views/order/components/afterSales.vue", "Vue", 0, 0, 0, 0, 0, 377, 0, 0, 0, 4, 10, 391
"/Users/sunshine/git/nrcp/bms/src/views/order/components/afterSalesInformation.vue", "Vue", 0, 0, 0, 0, 0, 783, 0, 0, 0, 24, 11, 818
"/Users/sunshine/git/nrcp/bms/src/views/order/components/afterSalesState.vue", "Vue", 0, 0, 0, 0, 0, 58, 0, 0, 0, 0, 4, 62
"/Users/sunshine/git/nrcp/bms/src/views/order/components/afterSalesState_1.vue", "Vue", 0, 0, 0, 0, 0, 227, 0, 0, 0, 7, 1, 235
"/Users/sunshine/git/nrcp/bms/src/views/order/components/afterSalesState_2.vue", "Vue", 0, 0, 0, 0, 0, 248, 0, 0, 0, 0, 1, 249
"/Users/sunshine/git/nrcp/bms/src/views/order/components/afterSalesState_3.vue", "Vue", 0, 0, 0, 0, 0, 199, 0, 0, 0, 0, 0, 199
"/Users/sunshine/git/nrcp/bms/src/views/order/components/aftermarketDeliveryInformation.vue", "Vue", 0, 0, 0, 0, 0, 343, 0, 0, 0, 18, 8, 369
"/Users/sunshine/git/nrcp/bms/src/views/order/components/deliveryInformation.vue", "Vue", 0, 0, 0, 0, 0, 364, 0, 0, 0, 7, 14, 385
"/Users/sunshine/git/nrcp/bms/src/views/order/components/integralShop.vue", "Vue", 0, 0, 0, 0, 0, 10, 0, 0, 0, 0, 4, 14
"/Users/sunshine/git/nrcp/bms/src/views/order/components/order.vue", "Vue", 0, 0, 0, 0, 0, 418, 0, 0, 0, 0, 15, 433
"/Users/sunshine/git/nrcp/bms/src/views/order/components/orderCommision.vue", "Vue", 0, 0, 0, 0, 0, 147, 0, 0, 0, 5, 3, 155
"/Users/sunshine/git/nrcp/bms/src/views/order/components/orderDelivery.vue", "Vue", 0, 0, 0, 0, 0, 491, 0, 0, 0, 6, 14, 511
"/Users/sunshine/git/nrcp/bms/src/views/order/components/orderInformation.vue", "Vue", 0, 0, 0, 0, 0, 1012, 0, 0, 0, 43, 25, 1080
"/Users/sunshine/git/nrcp/bms/src/views/order/components/orderOperate.vue", "Vue", 0, 0, 0, 0, 0, 103, 0, 0, 0, 0, 3, 106
"/Users/sunshine/git/nrcp/bms/src/views/order/components/orderState.vue", "Vue", 0, 0, 0, 0, 0, 531, 0, 0, 0, 6, 4, 541
"/Users/sunshine/git/nrcp/bms/src/views/order/components/shop.vue", "Vue", 0, 0, 0, 0, 0, 182, 0, 0, 0, 17, 11, 210
"/Users/sunshine/git/nrcp/bms/src/views/order/deliverGoods.vue", "Vue", 0, 0, 0, 0, 0, 677, 0, 0, 0, 47, 27, 751
"/Users/sunshine/git/nrcp/bms/src/views/order/deliverGoodsSuccess.vue", "Vue", 0, 0, 0, 0, 0, 97, 0, 0, 0, 0, 5, 102
"/Users/sunshine/git/nrcp/bms/src/views/order/deliveryManagement.vue", "Vue", 0, 0, 0, 0, 0, 65, 0, 0, 0, 0, 4, 69
"/Users/sunshine/git/nrcp/bms/src/views/order/dialogs/addSensitiveWordsDialog.vue", "Vue", 0, 0, 0, 0, 0, 87, 0, 0, 0, 0, 6, 93
"/Users/sunshine/git/nrcp/bms/src/views/order/dialogs/auditDialog.vue", "Vue", 0, 0, 0, 0, 0, 69, 0, 0, 0, 0, 5, 74
"/Users/sunshine/git/nrcp/bms/src/views/order/dialogs/batchReplyDialog.vue", "Vue", 0, 0, 0, 0, 0, 105, 0, 0, 0, 3, 5, 113
"/Users/sunshine/git/nrcp/bms/src/views/order/dialogs/batchUpdateStatusDialog.vue", "Vue", 0, 0, 0, 0, 0, 128, 0, 0, 0, 1, 5, 134
"/Users/sunshine/git/nrcp/bms/src/views/order/dialogs/cancelImportDialog.vue", "Vue", 0, 0, 0, 0, 0, 69, 0, 0, 0, 0, 5, 74
"/Users/sunshine/git/nrcp/bms/src/views/order/dialogs/changePriceDialog.vue", "Vue", 0, 0, 0, 0, 0, 111, 0, 0, 0, 0, 8, 119
"/Users/sunshine/git/nrcp/bms/src/views/order/dialogs/closeOrderDialog.vue", "Vue", 0, 0, 0, 0, 0, 114, 0, 0, 0, 0, 8, 122
"/Users/sunshine/git/nrcp/bms/src/views/order/dialogs/couponDialog.vue", "Vue", 0, 0, 0, 0, 0, 119, 0, 0, 0, 0, 8, 127
"/Users/sunshine/git/nrcp/bms/src/views/order/dialogs/exchangeGoodsDialog.vue", "Vue", 0, 0, 0, 0, 0, 85, 0, 0, 0, 9, 7, 101
"/Users/sunshine/git/nrcp/bms/src/views/order/dialogs/freightRulesDialog.vue", "Vue", 0, 0, 0, 0, 0, 71, 0, 0, 0, 0, 24, 95
"/Users/sunshine/git/nrcp/bms/src/views/order/dialogs/gainCouponDialog.vue", "Vue", 0, 0, 0, 0, 0, 154, 0, 0, 0, 0, 8, 162
"/Users/sunshine/git/nrcp/bms/src/views/order/dialogs/gainGiftDialog.vue", "Vue", 0, 0, 0, 0, 0, 111, 0, 0, 0, 3, 6, 120
"/Users/sunshine/git/nrcp/bms/src/views/order/dialogs/logisticsDialog.vue", "Vue", 0, 0, 0, 0, 0, 104, 0, 0, 0, 0, 6, 110
"/Users/sunshine/git/nrcp/bms/src/views/order/dialogs/receiveInformationDialog.vue", "Vue", 0, 0, 0, 0, 0, 413, 0, 0, 0, 39, 18, 470
"/Users/sunshine/git/nrcp/bms/src/views/order/dialogs/regionDialog.vue", "Vue", 0, 0, 0, 0, 0, 341, 0, 0, 0, 23, 27, 391
"/Users/sunshine/git/nrcp/bms/src/views/order/dialogs/rejectDialog.vue", "Vue", 0, 0, 0, 0, 0, 89, 0, 0, 0, 0, 6, 95
"/Users/sunshine/git/nrcp/bms/src/views/order/dialogs/statisticsDialog.vue", "Vue", 0, 0, 0, 0, 0, 85, 0, 0, 0, 0, 6, 91
"/Users/sunshine/git/nrcp/bms/src/views/order/electronicFaceSheet.vue", "Vue", 0, 0, 0, 0, 0, 222, 0, 0, 0, 1, 4, 227
"/Users/sunshine/git/nrcp/bms/src/views/order/mixins/orderMixin.js", "JavaScript", 0, 0, 0, 0, 23, 0, 0, 0, 0, 0, 2, 25
"/Users/sunshine/git/nrcp/bms/src/views/order/newElectronicFaceSheet.vue", "Vue", 0, 0, 0, 0, 0, 281, 0, 0, 0, 1, 5, 287
"/Users/sunshine/git/nrcp/bms/src/views/order/newTemplate.vue", "Vue", 0, 0, 0, 0, 0, 471, 0, 0, 0, 0, 10, 481
"/Users/sunshine/git/nrcp/bms/src/views/order/orderAfterDeliverGoods.vue", "Vue", 0, 0, 0, 0, 0, 488, 0, 0, 0, 0, 10, 498
"/Users/sunshine/git/nrcp/bms/src/views/order/orderBulkDelivery.vue", "Vue", 0, 0, 0, 0, 0, 749, 0, 0, 0, 77, 40, 866
"/Users/sunshine/git/nrcp/bms/src/views/order/orderDetail.vue", "Vue", 0, 0, 0, 0, 0, 467, 0, 0, 0, 1, 9, 477
"/Users/sunshine/git/nrcp/bms/src/views/order/printDistributionSheet.vue", "Vue", 0, 0, 0, 0, 0, 167, 0, 0, 0, 3, 14, 184
"/Users/sunshine/git/nrcp/bms/src/views/order/printingElectronicForm.vue", "Vue", 0, 0, 0, 0, 0, 86, 0, 0, 0, 3, 10, 99
"/Users/sunshine/git/nrcp/bms/src/views/order/query.vue", "Vue", 0, 0, 0, 0, 0, 445, 0, 0, 0, 1, 16, 462
"/Users/sunshine/git/nrcp/bms/src/views/order/quickDelivery.vue", "Vue", 0, 0, 0, 0, 0, 293, 0, 0, 0, 1, 6, 300
"/Users/sunshine/git/nrcp/bms/src/views/order/reviews.vue", "Vue", 0, 0, 0, 0, 0, 468, 0, 0, 0, 1, 16, 485
"/Users/sunshine/git/nrcp/bms/src/views/order/reviewsDetail.vue", "Vue", 0, 0, 0, 0, 0, 530, 0, 0, 0, 48, 18, 596
"/Users/sunshine/git/nrcp/bms/src/views/order/richLogistics.vue", "Vue", 0, 0, 0, 0, 0, 244, 0, 0, 0, 0, 3, 247
"/Users/sunshine/git/nrcp/bms/src/views/order/sensitiveWords.vue", "Vue", 0, 0, 0, 0, 0, 158, 0, 0, 0, 2, 7, 167
"/Users/sunshine/git/nrcp/bms/src/views/order/supplementaryLogistics.vue", "Vue", 0, 0, 0, 0, 0, 512, 0, 0, 0, 1, 14, 527
"/Users/sunshine/git/nrcp/bms/src/views/profile/accountInfo.vue", "Vue", 0, 0, 0, 0, 0, 115, 0, 0, 0, 3, 6, 124
"/Users/sunshine/git/nrcp/bms/src/views/profile/flowPath.vue", "Vue", 0, 0, 0, 0, 0, 233, 0, 0, 0, 1, 7, 241
"/Users/sunshine/git/nrcp/bms/src/views/profile/passwordChange.vue", "Vue", 0, 0, 0, 0, 0, 120, 0, 0, 0, 3, 8, 131
"/Users/sunshine/git/nrcp/bms/src/views/profile/profile.vue", "Vue", 0, 0, 0, 0, 0, 535, 0, 0, 0, 11, 12, 558
"/Users/sunshine/git/nrcp/bms/src/views/profile/upgrade.vue", "Vue", 0, 0, 0, 0, 0, 296, 0, 0, 0, 2, 8, 306
"/Users/sunshine/git/nrcp/bms/src/views/set/authorize.vue", "Vue", 0, 0, 0, 0, 0, 279, 0, 0, 0, 26, 14, 319
"/Users/sunshine/git/nrcp/bms/src/views/set/components/afterSale.vue", "Vue", 0, 0, 0, 0, 0, 352, 0, 0, 0, 2, 10, 364
"/Users/sunshine/git/nrcp/bms/src/views/set/components/buyer.vue", "Vue", 0, 0, 0, 0, 0, 317, 0, 0, 0, 3, 10, 330
"/Users/sunshine/git/nrcp/bms/src/views/set/components/preSale.vue", "Vue", 0, 0, 0, 0, 0, 327, 0, 0, 0, 1, 10, 338
"/Users/sunshine/git/nrcp/bms/src/views/set/components/seller.vue", "Vue", 0, 0, 0, 0, 0, 244, 0, 0, 0, 3, 8, 255
"/Users/sunshine/git/nrcp/bms/src/views/set/components/smTable.vue", "Vue", 0, 0, 0, 0, 0, 70, 0, 0, 0, 1, 4, 75
"/Users/sunshine/git/nrcp/bms/src/views/set/createAccount.vue", "Vue", 0, 0, 0, 0, 0, 253, 0, 0, 0, 5, 2, 260
"/Users/sunshine/git/nrcp/bms/src/views/set/createRole.vue", "Vue", 0, 0, 0, 0, 0, 199, 0, 0, 0, 6, 6, 211
"/Users/sunshine/git/nrcp/bms/src/views/set/dialogs/dialogTree.vue", "Vue", 0, 0, 0, 0, 0, 103, 0, 0, 0, 2, 6, 111
"/Users/sunshine/git/nrcp/bms/src/views/set/memberSet.vue", "Vue", 0, 0, 0, 0, 0, 96, 0, 0, 0, 1, 2, 99
"/Users/sunshine/git/nrcp/bms/src/views/set/messageSet.vue", "Vue", 0, 0, 0, 0, 0, 43, 0, 0, 0, 1, 7, 51
"/Users/sunshine/git/nrcp/bms/src/views/set/payType.vue", "Vue", 0, 0, 0, 0, 0, 264, 0, 0, 0, 6, 10, 280
"/Users/sunshine/git/nrcp/bms/src/views/set/roleManage.vue", "Vue", 0, 0, 0, 0, 0, 218, 0, 0, 0, 10, 7, 235
"/Users/sunshine/git/nrcp/bms/src/views/set/shopDistribute.vue", "Vue", 0, 0, 0, 0, 0, 119, 0, 0, 0, 2, 3, 124
"/Users/sunshine/git/nrcp/bms/src/views/set/shopInfo.vue", "Vue", 0, 0, 0, 0, 0, 538, 0, 0, 0, 8, 15, 561
"/Users/sunshine/git/nrcp/bms/src/views/set/shopManage.vue", "Vue", 0, 0, 0, 0, 0, 81, 0, 0, 0, 2, 4, 87
"/Users/sunshine/git/nrcp/bms/src/views/set/subaccountManage.vue", "Vue", 0, 0, 0, 0, 0, 230, 0, 0, 0, 10, 7, 247
"/Users/sunshine/git/nrcp/bms/src/views/set/tradeSet.vue", "Vue", 0, 0, 0, 0, 0, 46, 0, 0, 0, 1, 7, 54
"/Users/sunshine/git/nrcp/bms/src/views/set/withdrawSet.vue", "Vue", 0, 0, 0, 0, 0, 187, 0, 0, 0, 1, 8, 196
"/Users/sunshine/git/nrcp/bms/src/views/set/withdrawSet1.vue", "Vue", 0, 0, 0, 0, 0, 186, 0, 0, 0, 1, 8, 195
"/Users/sunshine/git/nrcp/bms/src/views/set/wxSet.vue", "Vue", 0, 0, 0, 0, 0, 297, 0, 0, 0, 33, 12, 342
"/Users/sunshine/git/nrcp/bms/src/views/set/zfbSet.vue", "Vue", 0, 0, 0, 0, 0, 208, 0, 0, 0, 5, 9, 222
"/Users/sunshine/git/nrcp/bms/src/views/shop/PCshop/bindDomain.vue", "Vue", 0, 0, 0, 0, 0, 17, 0, 0, 0, 0, 8, 25
"/Users/sunshine/git/nrcp/bms/src/views/shop/PCshop/column/columnIndex.vue", "Vue", 0, 0, 0, 0, 0, 97, 0, 0, 0, 0, 5, 102
"/Users/sunshine/git/nrcp/bms/src/views/shop/PCshop/column/fivePicText.vue", "Vue", 0, 0, 0, 0, 0, 183, 0, 0, 0, 7, 14, 204
"/Users/sunshine/git/nrcp/bms/src/views/shop/PCshop/column/fourGoodsSet.vue", "Vue", 0, 0, 0, 0, 0, 255, 0, 0, 0, 10, 22, 287
"/Users/sunshine/git/nrcp/bms/src/views/shop/PCshop/column/onePicText.vue", "Vue", 0, 0, 0, 0, 0, 240, 0, 0, 0, 10, 20, 270
"/Users/sunshine/git/nrcp/bms/src/views/shop/PCshop/column/sixInfoSet.vue", "Vue", 0, 0, 0, 0, 0, 183, 0, 0, 0, 7, 14, 204
"/Users/sunshine/git/nrcp/bms/src/views/shop/PCshop/column/threePicText.vue", "Vue", 0, 0, 0, 0, 0, 283, 0, 0, 0, 10, 24, 317
"/Users/sunshine/git/nrcp/bms/src/views/shop/PCshop/column/twoGoodsSet.vue", "Vue", 0, 0, 0, 0, 0, 169, 0, 0, 0, 7, 18, 194
"/Users/sunshine/git/nrcp/bms/src/views/shop/PCshop/protocolEdit.vue", "Vue", 0, 0, 0, 0, 0, 87, 0, 0, 0, 8, 7, 102
"/Users/sunshine/git/nrcp/bms/src/views/shop/PCshop/template/templateEdit.vue", "Vue", 0, 0, 0, 0, 0, 224, 0, 0, 0, 13, 13, 250
"/Users/sunshine/git/nrcp/bms/src/views/shop/PCshop/template/templateManageIndex.vue", "Vue", 0, 0, 0, 0, 0, 124, 0, 0, 0, 8, 3, 135
"/Users/sunshine/git/nrcp/bms/src/views/shop/dialogs/decorateDialogs/dialogDecoratePreview.vue", "Vue", 0, 0, 0, 0, 0, 138, 0, 0, 0, 3, 3, 144
"/Users/sunshine/git/nrcp/bms/src/views/shop/dialogs/decorateDialogs/dialogGoodsSearchDemo.vue", "Vue", 0, 0, 0, 0, 0, 40, 0, 0, 0, 1, 2, 43
"/Users/sunshine/git/nrcp/bms/src/views/shop/dialogs/decorateDialogs/dialogMultiPersonDemo.vue", "Vue", 0, 0, 0, 0, 0, 60, 0, 0, 0, 1, 2, 63
"/Users/sunshine/git/nrcp/bms/src/views/shop/dialogs/decorateDialogs/dialogPopularize.vue", "Vue", 0, 0, 0, 0, 0, 864, 0, 0, 0, 30, 19, 913
"/Users/sunshine/git/nrcp/bms/src/views/shop/dialogs/decorateDialogs/dialogSelectCoupon.vue", "Vue", 0, 0, 0, 0, 0, 187, 0, 0, 0, 4, 7, 198
"/Users/sunshine/git/nrcp/bms/src/views/shop/dialogs/decorateDialogs/dialogSelectDiscount.vue", "Vue", 0, 0, 0, 0, 0, 211, 0, 0, 0, 4, 6, 221
"/Users/sunshine/git/nrcp/bms/src/views/shop/dialogs/decorateDialogs/dialogSelectFullReduction.vue", "Vue", 0, 0, 0, 0, 0, 216, 0, 0, 0, 5, 7, 228
"/Users/sunshine/git/nrcp/bms/src/views/shop/dialogs/decorateDialogs/dialogSelectGoods.vue", "Vue", 0, 0, 0, 0, 0, 220, 0, 0, 0, 3, 5, 228
"/Users/sunshine/git/nrcp/bms/src/views/shop/dialogs/decorateDialogs/dialogSelectGoodsGroup.vue", "Vue", 0, 0, 0, 0, 0, 352, 0, 0, 0, 17, 15, 384
"/Users/sunshine/git/nrcp/bms/src/views/shop/dialogs/decorateDialogs/dialogSelectGoodsSKU.vue", "Vue", 0, 0, 0, 0, 0, 187, 0, 0, 0, 4, 7, 198
"/Users/sunshine/git/nrcp/bms/src/views/shop/dialogs/decorateDialogs/dialogSelectInfo.vue", "Vue", 0, 0, 0, 0, 0, 177, 0, 0, 0, 4, 7, 188
"/Users/sunshine/git/nrcp/bms/src/views/shop/dialogs/decorateDialogs/dialogSelectJumpPage.vue", "Vue", 0, 0, 0, 0, 0, 102, 0, 0, 0, 3, 5, 110
"/Users/sunshine/git/nrcp/bms/src/views/shop/dialogs/decorateDialogs/dialogSelectMultiPerson.vue", "Vue", 0, 0, 0, 0, 0, 205, 0, 0, 0, 4, 5, 214
"/Users/sunshine/git/nrcp/bms/src/views/shop/dialogs/decorateDialogs/dialogSelectNavTemplate.vue", "Vue", 0, 0, 0, 0, 0, 103, 0, 0, 0, 7, 2, 112
"/Users/sunshine/git/nrcp/bms/src/views/shop/dialogs/decorateDialogs/dialogSelectNyuan.vue", "Vue", 0, 0, 0, 0, 0, 204, 0, 0, 0, 4, 6, 214
"/Users/sunshine/git/nrcp/bms/src/views/shop/dialogs/decorateDialogs/dialogSelectPackage.vue", "Vue", 0, 0, 0, 0, 0, 212, 0, 0, 0, 4, 6, 222
"/Users/sunshine/git/nrcp/bms/src/views/shop/dialogs/decorateDialogs/dialogSelectSecondkill.vue", "Vue", 0, 0, 0, 0, 0, 209, 0, 0, 0, 4, 5, 218
"/Users/sunshine/git/nrcp/bms/src/views/shop/dialogs/dialogSelectArticleMaterial.vue", "Vue", 0, 0, 0, 0, 0, 39, 0, 0, 0, 1, 2, 42
"/Users/sunshine/git/nrcp/bms/src/views/shop/dialogs/dialogSelectImageMaterial.vue", "Vue", 0, 0, 0, 0, 0, 727, 0, 0, 0, 42, 51, 820
"/Users/sunshine/git/nrcp/bms/src/views/shop/dialogs/dialogSelectVideo.vue", "Vue", 0, 0, 0, 0, 0, 489, 0, 0, 0, 33, 43, 565
"/Users/sunshine/git/nrcp/bms/src/views/shop/dialogs/jumpLists/customLink.vue", "Vue", 0, 0, 0, 0, 0, 86, 0, 0, 0, 3, 7, 96
"/Users/sunshine/git/nrcp/bms/src/views/shop/dialogs/jumpLists/goods.vue", "Vue", 0, 0, 0, 0, 0, 233, 0, 0, 0, 7, 14, 254
"/Users/sunshine/git/nrcp/bms/src/views/shop/dialogs/jumpLists/goodsGroup.vue", "Vue", 0, 0, 0, 0, 0, 132, 0, 0, 0, 1, 11, 144
"/Users/sunshine/git/nrcp/bms/src/views/shop/dialogs/jumpLists/marketCampaign.vue", "Vue", 0, 0, 0, 0, 0, 149, 0, 0, 0, 5, 12, 166
"/Users/sunshine/git/nrcp/bms/src/views/shop/dialogs/jumpLists/microPage.vue", "Vue", 0, 0, 0, 0, 0, 132, 0, 0, 0, 5, 10, 147
"/Users/sunshine/git/nrcp/bms/src/views/shop/dialogs/jumpLists/microPageClassify.vue", "Vue", 0, 0, 0, 0, 0, 113, 0, 0, 0, 4, 9, 126
"/Users/sunshine/git/nrcp/bms/src/views/shop/dialogs/jumpLists/systemPage.vue", "Vue", 0, 0, 0, 0, 0, 89, 0, 0, 0, 9, 8, 106
"/Users/sunshine/git/nrcp/bms/src/views/shop/dialogs/materialDialogs/dialogCopyLink.vue", "Vue", 0, 0, 0, 0, 0, 61, 0, 0, 0, 1, 6, 68
"/Users/sunshine/git/nrcp/bms/src/views/shop/dialogs/materialDialogs/dialogCutImage.vue", "Vue", 0, 0, 0, 0, 0, 39, 0, 0, 0, 0, 2, 41
"/Users/sunshine/git/nrcp/bms/src/views/shop/dialogs/materialDialogs/dialogDelete.vue", "Vue", 0, 0, 0, 0, 0, 62, 0, 0, 0, 0, 4, 66
"/Users/sunshine/git/nrcp/bms/src/views/shop/dialogs/materialDialogs/dialogGroups.vue", "Vue", 0, 0, 0, 0, 0, 82, 0, 0, 0, 0, 5, 87
"/Users/sunshine/git/nrcp/bms/src/views/shop/dialogs/materialDialogs/dialogGroupsDel.vue", "Vue", 0, 0, 0, 0, 0, 62, 0, 0, 0, 0, 6, 68
"/Users/sunshine/git/nrcp/bms/src/views/shop/dialogs/materialDialogs/dialogGroupsMove.vue", "Vue", 0, 0, 0, 0, 0, 102, 0, 0, 0, 1, 6, 109
"/Users/sunshine/git/nrcp/bms/src/views/shop/dialogs/materialDialogs/dialogImageTailor.vue", "Vue", 0, 0, 0, 0, 0, 221, 0, 0, 0, 4, 9, 234
"/Users/sunshine/git/nrcp/bms/src/views/shop/dialogs/materialDialogs/dialogMaterialCode.vue", "Vue", 0, 0, 0, 0, 0, 39, 0, 0, 0, 0, 2, 41
"/Users/sunshine/git/nrcp/bms/src/views/shop/dialogs/materialDialogs/dialogQRcode.vue", "Vue", 0, 0, 0, 0, 0, 69, 0, 0, 0, 0, 5, 74
"/Users/sunshine/git/nrcp/bms/src/views/shop/dialogs/materialDialogs/dialogSync.vue", "Vue", 0, 0, 0, 0, 0, 48, 0, 0, 0, 0, 4, 52
"/Users/sunshine/git/nrcp/bms/src/views/shop/dialogs/materialDialogs/dialogSyncArticle.vue", "Vue", 0, 0, 0, 0, 0, 257, 0, 0, 0, 9, 6, 272
"/Users/sunshine/git/nrcp/bms/src/views/shop/dialogs/materialDialogs/dialogSyncImage.vue", "Vue", 0, 0, 0, 0, 0, 269, 0, 0, 0, 4, 5, 278
"/Users/sunshine/git/nrcp/bms/src/views/shop/dialogs/materialDialogs/dialogSyncVideo.vue", "Vue", 0, 0, 0, 0, 0, 300, 0, 0, 0, 11, 5, 316
"/Users/sunshine/git/nrcp/bms/src/views/shop/dialogs/materialDialogs/dialogUploadImage.vue", "Vue", 0, 0, 0, 0, 0, 297, 0, 0, 0, 6, 6, 309
"/Users/sunshine/git/nrcp/bms/src/views/shop/dialogs/materialDialogs/dialogUploadVideo.vue", "Vue", 0, 0, 0, 0, 0, 270, 0, 0, 0, 6, 6, 282
"/Users/sunshine/git/nrcp/bms/src/views/shop/dialogs/materialDialogs/dialogVideo.vue", "Vue", 0, 0, 0, 0, 0, 46, 0, 0, 0, 0, 2, 48
"/Users/sunshine/git/nrcp/bms/src/views/shop/infoManage/createInfo.vue", "Vue", 0, 0, 0, 0, 0, 189, 0, 0, 0, 10, 14, 213
"/Users/sunshine/git/nrcp/bms/src/views/shop/infoManage/infoManageIndex.vue", "Vue", 0, 0, 0, 0, 0, 34, 0, 0, 0, 0, 3, 37
"/Users/sunshine/git/nrcp/bms/src/views/shop/infoManage/list/draftList.vue", "Vue", 0, 0, 0, 0, 0, 272, 0, 0, 0, 6, 13, 291
"/Users/sunshine/git/nrcp/bms/src/views/shop/infoManage/list/releasedList.vue", "Vue", 0, 0, 0, 0, 0, 239, 0, 0, 0, 6, 11, 256
"/Users/sunshine/git/nrcp/bms/src/views/shop/infoManage/previewInfo.vue", "Vue", 0, 0, 0, 0, 0, 74, 0, 0, 0, 1, 3, 78
"/Users/sunshine/git/nrcp/bms/src/views/shop/mobileDecorate/pages/classifyEditor.vue", "Vue", 0, 0, 0, 0, 0, 177, 0, 0, 0, 12, 12, 201
"/Users/sunshine/git/nrcp/bms/src/views/shop/mobileDecorate/pages/decorateClassifyPreview.vue", "Vue", 0, 0, 0, 0, 0, 168, 0, 0, 0, 6, 5, 179
"/Users/sunshine/git/nrcp/bms/src/views/shop/mobileDecorate/pages/decoratePreview.vue", "Vue", 0, 0, 0, 0, 0, 169, 0, 0, 0, 6, 5, 180
"/Users/sunshine/git/nrcp/bms/src/views/shop/mobileDecorate/pages/list/classifyList.vue", "Vue", 0, 0, 0, 0, 0, 163, 0, 0, 0, 4, 9, 176
"/Users/sunshine/git/nrcp/bms/src/views/shop/mobileDecorate/pages/list/draftList.vue", "Vue", 0, 0, 0, 0, 0, 284, 0, 0, 0, 8, 14, 306
"/Users/sunshine/git/nrcp/bms/src/views/shop/mobileDecorate/pages/list/pageList.vue", "Vue", 0, 0, 0, 0, 0, 292, 0, 0, 0, 9, 14, 315
"/Users/sunshine/git/nrcp/bms/src/views/shop/mobileDecorate/pages/pageManageIndex.vue", "Vue", 0, 0, 0, 0, 0, 36, 0, 0, 0, 0, 3, 39
"/Users/sunshine/git/nrcp/bms/src/views/shop/mobileDecorate/pages/shopEditor.vue", "Vue", 0, 0, 0, 0, 0, 218, 0, 0, 0, 13, 18, 249
"/Users/sunshine/git/nrcp/bms/src/views/shop/mobileDecorate/shopStyle.vue", "Vue", 0, 0, 0, 0, 0, 218, 0, 0, 0, 2, 8, 228
"/Users/sunshine/git/nrcp/bms/src/views/shop/mobileDecorate/startingAD/ADManageIndex.vue", "Vue", 0, 0, 0, 0, 0, 285, 0, 0, 0, 7, 12, 304
"/Users/sunshine/git/nrcp/bms/src/views/shop/mobileDecorate/startingAD/createAD.vue", "Vue", 0, 0, 0, 0, 0, 284, 0, 0, 0, 5, 10, 299
"/Users/sunshine/git/nrcp/bms/src/views/shop/mobileDecorate/template/templateEdit.vue", "Vue", 0, 0, 0, 0, 0, 250, 0, 0, 0, 30, 14, 294
"/Users/sunshine/git/nrcp/bms/src/views/shop/mobileDecorate/template/templateManageIndex.vue", "Vue", 0, 0, 0, 0, 0, 400, 0, 0, 0, 13, 16, 429
"/Users/sunshine/git/nrcp/bms/src/views/shop/mobileShop/h5Shop/editorComps/h5ComponentGoodsGroupPageSetting.vue", "Vue", 0, 0, 0, 0, 0, 7, 0, 0, 0, 1, 1, 9
"/Users/sunshine/git/nrcp/bms/src/views/shop/mobileShop/h5Shop/editorComps/h5ComponentUserCenter.vue", "Vue", 0, 0, 0, 0, 0, 176, 0, 0, 0, 1, 2, 179
"/Users/sunshine/git/nrcp/bms/src/views/shop/mobileShop/h5Shop/editorComps/h5PropertyGoodsGroupPageSetting.vue", "Vue", 0, 0, 0, 0, 0, 7, 0, 0, 0, 1, 1, 9
"/Users/sunshine/git/nrcp/bms/src/views/shop/mobileShop/h5Shop/editorComps/h5PropertyUserCenter.vue", "Vue", 0, 0, 0, 0, 0, 7, 0, 0, 0, 1, 1, 9
"/Users/sunshine/git/nrcp/bms/src/views/shop/mobileShop/h5Shop/h5GoodsGroup.vue", "Vue", 0, 0, 0, 0, 0, 10, 0, 0, 0, 1, 0, 11
"/Users/sunshine/git/nrcp/bms/src/views/shop/mobileShop/h5Shop/h5PersonCenter.vue", "Vue", 0, 0, 0, 0, 0, 10, 0, 0, 0, 1, 0, 11
"/Users/sunshine/git/nrcp/bms/src/views/shop/mobileShop/h5Shop/h5ShopIndex.vue", "Vue", 0, 0, 0, 0, 0, 21, 0, 0, 0, 1, 0, 22
"/Users/sunshine/git/nrcp/bms/src/views/shop/mobileShop/h5Shop/h5ShopMainDecorated.vue", "Vue", 0, 0, 0, 0, 0, 196, 0, 0, 0, 5, 3, 204
"/Users/sunshine/git/nrcp/bms/src/views/shop/mobileShop/h5Shop/h5ShopMainDefault.vue", "Vue", 0, 0, 0, 0, 0, 140, 0, 0, 0, 5, 2, 147
"/Users/sunshine/git/nrcp/bms/src/views/shop/mobileShop/h5Shop/h5ShopNavIndex.vue", "Vue", 0, 0, 0, 0, 0, 24, 0, 0, 0, 1, 0, 25
"/Users/sunshine/git/nrcp/bms/src/views/shop/mobileShop/h5Shop/shopNav/h5NavEdit.vue", "Vue", 0, 0, 0, 0, 0, 782, 0, 0, 0, 18, 43, 843
"/Users/sunshine/git/nrcp/bms/src/views/shop/mobileShop/h5Shop/shopNav/miniNavEdit.vue", "Vue", 0, 0, 0, 0, 0, 514, 0, 0, 0, 13, 28, 555
"/Users/sunshine/git/nrcp/bms/src/views/shop/mobileShop/wxShop/editorComps/componentGoodsGroupPageSetting.vue", "Vue", 0, 0, 0, 0, 0, 423, 0, 0, 0, 9, 12, 444
"/Users/sunshine/git/nrcp/bms/src/views/shop/mobileShop/wxShop/editorComps/componentUserCenter.vue", "Vue", 0, 0, 0, 0, 0, 782, 0, 0, 0, 15, 6, 803
"/Users/sunshine/git/nrcp/bms/src/views/shop/mobileShop/wxShop/editorComps/propertyGoodsGroupPageSetting.vue", "Vue", 0, 0, 0, 0, 0, 165, 0, 0, 0, 8, 10, 183
"/Users/sunshine/git/nrcp/bms/src/views/shop/mobileShop/wxShop/editorComps/propertyUserCenter.vue", "Vue", 0, 0, 0, 0, 0, 308, 0, 0, 0, 27, 18, 353
"/Users/sunshine/git/nrcp/bms/src/views/shop/mobileShop/wxShop/goodsGroup.vue", "Vue", 0, 0, 0, 0, 0, 130, 0, 0, 0, 4, 8, 142
"/Users/sunshine/git/nrcp/bms/src/views/shop/mobileShop/wxShop/personCenter.vue", "Vue", 0, 0, 0, 0, 0, 131, 0, 0, 0, 4, 7, 142
"/Users/sunshine/git/nrcp/bms/src/views/shop/mobileShop/wxShop/shopMainDecorated.vue", "Vue", 0, 0, 0, 0, 0, 294, 0, 0, 0, 10, 8, 312
"/Users/sunshine/git/nrcp/bms/src/views/shop/mobileShop/wxShop/shopMainDefault.vue", "Vue", 0, 0, 0, 0, 0, 235, 0, 0, 0, 4, 6, 245
"/Users/sunshine/git/nrcp/bms/src/views/shop/mobileShop/wxShop/shopNav/h5NavEdit.vue", "Vue", 0, 0, 0, 0, 0, 782, 0, 0, 0, 18, 43, 843
"/Users/sunshine/git/nrcp/bms/src/views/shop/mobileShop/wxShop/shopNav/miniNavEdit.vue", "Vue", 0, 0, 0, 0, 0, 514, 0, 0, 0, 13, 28, 555
"/Users/sunshine/git/nrcp/bms/src/views/shop/mobileShop/wxShop/shopNavIndex.vue", "Vue", 0, 0, 0, 0, 0, 159, 0, 0, 0, 2, 7, 168
"/Users/sunshine/git/nrcp/bms/src/views/shop/mobileShop/wxShop/wxShopIndex.vue", "Vue", 0, 0, 0, 0, 0, 74, 0, 0, 0, 2, 7, 83
"/Users/sunshine/git/nrcp/bms/src/views/shop/myFile/fileManageIndex.vue", "Vue", 0, 0, 0, 0, 0, 42, 0, 0, 0, 0, 3, 45
"/Users/sunshine/git/nrcp/bms/src/views/shop/myFile/generalArticle.vue", "Vue", 0, 0, 0, 0, 0, 245, 0, 0, 0, 10, 4, 259
"/Users/sunshine/git/nrcp/bms/src/views/shop/myFile/material/articleMaterial.vue", "Vue", 0, 0, 0, 0, 0, 303, 0, 0, 0, 6, 11, 320
"/Users/sunshine/git/nrcp/bms/src/views/shop/myFile/material/groups.vue", "Vue", 0, 0, 0, 0, 0, 259, 0, 0, 0, 11, 30, 300
"/Users/sunshine/git/nrcp/bms/src/views/shop/myFile/material/imageMaterial.vue", "Vue", 0, 0, 0, 0, 0, 528, 0, 0, 0, 49, 20, 597
"/Users/sunshine/git/nrcp/bms/src/views/shop/myFile/material/videoMaterial.vue", "Vue", 0, 0, 0, 0, 0, 484, 0, 0, 0, 20, 14, 518
"/Users/sunshine/git/nrcp/bms/src/views/shop/myFile/wechatArticle.vue", "Vue", 0, 0, 0, 0, 0, 40, 0, 0, 0, 1, 4, 45
"/Users/sunshine/git/nrcp/bms/static/UEditor/dialogs/anchor/anchor.html", "HTML", 0, 0, 40, 0, 0, 0, 0, 0, 0, 0, 0, 40
"/Users/sunshine/git/nrcp/bms/static/UEditor/dialogs/attachment/attachment.css", "CSS", 0, 0, 0, 0, 0, 0, 0, 619, 0, 5, 57, 681
"/Users/sunshine/git/nrcp/bms/static/UEditor/dialogs/attachment/attachment.html", "HTML", 0, 0, 48, 0, 0, 0, 0, 0, 0, 5, 7, 60
"/Users/sunshine/git/nrcp/bms/static/UEditor/dialogs/attachment/attachment.js", "JavaScript", 0, 0, 0, 0, 630, 0, 0, 0, 0, 48, 82, 760
"/Users/sunshine/git/nrcp/bms/static/UEditor/dialogs/background/background.css", "CSS", 0, 0, 0, 0, 0, 0, 0, 87, 0, 1, 6, 94
"/Users/sunshine/git/nrcp/bms/static/UEditor/dialogs/background/background.html", "HTML", 0, 0, 55, 0, 0, 0, 0, 0, 0, 0, 2, 57
"/Users/sunshine/git/nrcp/bms/static/UEditor/dialogs/background/background.js", "JavaScript", 0, 0, 0, 0, 321, 0, 0, 0, 0, 20, 35, 376
"/Users/sunshine/git/nrcp/bms/static/UEditor/dialogs/charts/chart.config.js", "JavaScript", 0, 0, 0, 0, 59, 0, 0, 0, 0, 4, 3, 66
"/Users/sunshine/git/nrcp/bms/static/UEditor/dialogs/charts/charts.css", "CSS", 0, 0, 0, 0, 0, 0, 0, 136, 0, 2, 27, 165
"/Users/sunshine/git/nrcp/bms/static/UEditor/dialogs/charts/charts.html", "HTML", 0, 0, 89, 0, 0, 0, 0, 0, 0, 0, 0, 89
"/Users/sunshine/git/nrcp/bms/static/UEditor/dialogs/charts/charts.js", "JavaScript", 0, 0, 0, 0, 299, 0, 0, 0, 0, 47, 173, 519
"/Users/sunshine/git/nrcp/bms/static/UEditor/dialogs/emotion/emotion.css", "CSS", 0, 0, 0, 0, 0, 0, 0, 41, 0, 0, 2, 43
"/Users/sunshine/git/nrcp/bms/static/UEditor/dialogs/emotion/emotion.html", "HTML", 0, 0, 54, 0, 0, 0, 0, 0, 0, 0, 0, 54
"/Users/sunshine/git/nrcp/bms/static/UEditor/dialogs/emotion/emotion.js", "JavaScript", 0, 0, 0, 0, 164, 0, 0, 0, 0, 3, 20, 187
"/Users/sunshine/git/nrcp/bms/static/UEditor/dialogs/gmap/gmap.html", "HTML", 0, 0, 87, 0, 0, 0, 0, 0, 0, 0, 2, 89
"/Users/sunshine/git/nrcp/bms/static/UEditor/dialogs/help/help.css", "CSS", 0, 0, 0, 0, 0, 0, 0, 7, 0, 0, 0, 7
"/Users/sunshine/git/nrcp/bms/static/UEditor/dialogs/help/help.html", "HTML", 0, 0, 82, 0, 0, 0, 0, 0, 0, 0, 0, 82
"/Users/sunshine/git/nrcp/bms/static/UEditor/dialogs/help/help.js", "JavaScript", 0, 0, 0, 0, 33, 0, 0, 0, 0, 19, 4, 56
"/Users/sunshine/git/nrcp/bms/static/UEditor/dialogs/image/image.css", "CSS", 0, 0, 0, 0, 0, 0, 0, 807, 0, 7, 80, 894
"/Users/sunshine/git/nrcp/bms/static/UEditor/dialogs/image/image.html", "HTML", 0, 0, 103, 0, 0, 0, 0, 0, 0, 7, 10, 120
"/Users/sunshine/git/nrcp/bms/static/UEditor/dialogs/image/image.js", "JavaScript", 0, 0, 0, 0, 894, 0, 0, 0, 0, 153, 102, 1149
"/Users/sunshine/git/nrcp/bms/static/UEditor/dialogs/insertframe/insertframe.html", "HTML", 0, 0, 87, 0, 0, 0, 0, 0, 0, 10, 4, 101
"/Users/sunshine/git/nrcp/bms/static/UEditor/dialogs/internal.js", "JavaScript", 0, 0, 0, 0, 66, 0, 0, 0, 0, 5, 11, 82
"/Users/sunshine/git/nrcp/bms/static/UEditor/dialogs/link/link.html", "HTML", 0, 0, 119, 0, 0, 0, 0, 0, 0, 0, 8, 127
"/Users/sunshine/git/nrcp/bms/static/UEditor/dialogs/map/map.html", "HTML", 0, 0, 130, 0, 0, 0, 0, 0, 0, 0, 6, 136
"/Users/sunshine/git/nrcp/bms/static/UEditor/dialogs/map/show.html", "HTML", 0, 0, 106, 0, 0, 0, 0, 0, 0, 2, 10, 118
"/Users/sunshine/git/nrcp/bms/static/UEditor/dialogs/music/music.css", "CSS", 0, 0, 0, 0, 0, 0, 0, 23, 0, 0, 7, 30
"/Users/sunshine/git/nrcp/bms/static/UEditor/dialogs/music/music.html", "HTML", 0, 0, 32, 0, 0, 0, 0, 0, 0, 0, 0, 32
"/Users/sunshine/git/nrcp/bms/static/UEditor/dialogs/music/music.js", "JavaScript", 0, 0, 0, 0, 185, 0, 0, 0, 0, 0, 8, 193
"/Users/sunshine/git/nrcp/bms/static/UEditor/dialogs/myVideo/myVideo.html", "HTML", 0, 0, 38, 0, 0, 0, 0, 0, 0, 0, 3, 41
"/Users/sunshine/git/nrcp/bms/static/UEditor/dialogs/preview/preview.html", "HTML", 0, 0, 39, 0, 0, 0, 0, 0, 0, 0, 1, 40
"/Users/sunshine/git/nrcp/bms/static/UEditor/dialogs/scrawl/scrawl.css", "CSS", 0, 0, 0, 0, 0, 0, 0, 52, 0, 10, 11, 73
"/Users/sunshine/git/nrcp/bms/static/UEditor/dialogs/scrawl/scrawl.html", "HTML", 0, 0, 92, 0, 0, 0, 0, 0, 0, 0, 3, 95
"/Users/sunshine/git/nrcp/bms/static/UEditor/dialogs/scrawl/scrawl.js", "JavaScript", 0, 0, 0, 0, 616, 0, 0, 0, 0, 16, 40, 672
"/Users/sunshine/git/nrcp/bms/static/UEditor/dialogs/searchreplace/searchreplace.html", "HTML", 0, 0, 94, 0, 0, 0, 0, 0, 0, 6, 2, 102
"/Users/sunshine/git/nrcp/bms/static/UEditor/dialogs/searchreplace/searchreplace.js", "JavaScript", 0, 0, 0, 0, 132, 0, 0, 0, 0, 26, 6, 164
"/Users/sunshine/git/nrcp/bms/static/UEditor/dialogs/snapscreen/snapscreen.html", "HTML", 0, 0, 56, 0, 0, 0, 0, 0, 0, 0, 2, 58
"/Users/sunshine/git/nrcp/bms/static/UEditor/dialogs/spechars/spechars.html", "HTML", 0, 0, 21, 0, 0, 0, 0, 0, 0, 0, 0, 21
"/Users/sunshine/git/nrcp/bms/static/UEditor/dialogs/spechars/spechars.js", "JavaScript", 0, 0, 0, 0, 50, 0, 0, 0, 0, 7, 1, 58
"/Users/sunshine/git/nrcp/bms/static/UEditor/dialogs/table/edittable.css", "CSS", 0, 0, 0, 0, 0, 0, 0, 70, 0, 0, 14, 84
"/Users/sunshine/git/nrcp/bms/static/UEditor/dialogs/table/edittable.html", "HTML", 0, 0, 64, 0, 0, 0, 0, 0, 0, 0, 0, 64
"/Users/sunshine/git/nrcp/bms/static/UEditor/dialogs/table/edittable.js", "JavaScript", 0, 0, 0, 0, 211, 0, 0, 0, 0, 7, 19, 237
"/Users/sunshine/git/nrcp/bms/static/UEditor/dialogs/table/edittd.html", "HTML", 0, 0, 58, 0, 0, 0, 0, 0, 0, 0, 3, 61
"/Users/sunshine/git/nrcp/bms/static/UEditor/dialogs/table/edittip.html", "HTML", 0, 0, 32, 0, 0, 0, 0, 0, 0, 0, 1, 33
"/Users/sunshine/git/nrcp/bms/static/UEditor/dialogs/template/config.js", "JavaScript", 0, 0, 0, 0, 32, 0, 0, 0, 0, 7, 3, 42
"/Users/sunshine/git/nrcp/bms/static/UEditor/dialogs/template/template.css", "CSS", 0, 0, 0, 0, 0, 0, 0, 18, 0, 0, 0, 18
"/Users/sunshine/git/nrcp/bms/static/UEditor/dialogs/template/template.html", "HTML", 0, 0, 26, 0, 0, 0, 0, 0, 0, 0, 1, 27
"/Users/sunshine/git/nrcp/bms/static/UEditor/dialogs/template/template.js", "JavaScript", 0, 0, 0, 0, 45, 0, 0, 0, 0, 7, 1, 53
"/Users/sunshine/git/nrcp/bms/static/UEditor/dialogs/video/video.css", "CSS", 0, 0, 0, 0, 0, 0, 0, 574, 0, 3, 58, 635
"/Users/sunshine/git/nrcp/bms/static/UEditor/dialogs/video/video.html", "HTML", 0, 0, 80, 0, 0, 0, 0, 0, 0, 3, 3, 86
"/Users/sunshine/git/nrcp/bms/static/UEditor/dialogs/video/video.js", "JavaScript", 0, 0, 0, 0, 631, 0, 0, 0, 0, 82, 85, 798
"/Users/sunshine/git/nrcp/bms/static/UEditor/dialogs/webapp/webapp.html", "HTML", 0, 0, 50, 0, 0, 0, 0, 0, 0, 0, 3, 53
"/Users/sunshine/git/nrcp/bms/static/UEditor/dialogs/wordimage/tangram.js", "JavaScript", 0, 0, 0, 0, 675, 0, 0, 0, 0, 663, 158, 1496
"/Users/sunshine/git/nrcp/bms/static/UEditor/dialogs/wordimage/wordimage.html", "HTML", 0, 0, 106, 0, 0, 0, 0, 0, 0, 0, 5, 111
"/Users/sunshine/git/nrcp/bms/static/UEditor/dialogs/wordimage/wordimage.js", "JavaScript", 0, 0, 0, 0, 125, 0, 0, 0, 0, 17, 15, 157
"/Users/sunshine/git/nrcp/bms/static/UEditor/dialogs/xiumi/xiumi-ue-dialog-v5.html", "HTML", 0, 0, 44, 0, 0, 0, 0, 0, 0, 0, 2, 46
"/Users/sunshine/git/nrcp/bms/static/UEditor/dialogs/xiumi/xiumi-ue-v5.css", "CSS", 0, 0, 0, 0, 0, 0, 0, 4, 0, 0, 1, 5
"/Users/sunshine/git/nrcp/bms/static/UEditor/index.html", "HTML", 0, 0, 162, 0, 0, 0, 0, 0, 0, 2, 13, 177
"/Users/sunshine/git/nrcp/bms/static/UEditor/jsp/config.json", "JSON", 0, 0, 0, 65, 0, 0, 0, 0, 0, 21, 8, 94
"/Users/sunshine/git/nrcp/bms/static/UEditor/jsp/controller.jsp", "HTML", 0, 0, 10, 0, 0, 0, 0, 0, 0, 0, 4, 14
"/Users/sunshine/git/nrcp/bms/static/UEditor/lang/en/en.js", "JavaScript", 0, 0, 0, 0, 669, 0, 0, 0, 0, 8, 8, 685
"/Users/sunshine/git/nrcp/bms/static/UEditor/lang/zh-cn/zh-cn.js", "JavaScript", 0, 0, 0, 0, 652, 0, 0, 0, 0, 8, 10, 670
"/Users/sunshine/git/nrcp/bms/static/UEditor/themes/default/css/ueditor.css", "CSS", 0, 0, 0, 0, 0, 0, 0, 1538, 0, 77, 288, 1903
"/Users/sunshine/git/nrcp/bms/static/UEditor/themes/default/css/ueditor.min.css", "CSS", 0, 0, 0, 0, 0, 0, 0, 1, 0, 5, 2, 8
"/Users/sunshine/git/nrcp/bms/static/UEditor/themes/default/dialogbase.css", "CSS", 0, 0, 0, 0, 0, 0, 0, 78, 0, 8, 14, 100
"/Users/sunshine/git/nrcp/bms/static/UEditor/themes/iframe.css", "CSS", 0, 0, 0, 0, 0, 0, 0, 0, 0, 1, 1, 2
"/Users/sunshine/git/nrcp/bms/static/UEditor/third-party/SyntaxHighlighter/shCore.js", "JavaScript", 0, 0, 0, 0, 2470, 0, 0, 0, 0, 688, 498, 3656
"/Users/sunshine/git/nrcp/bms/static/UEditor/third-party/SyntaxHighlighter/shCoreDefault.css", "CSS", 0, 0, 0, 0, 0, 0, 0, 1, 0, 0, 0, 1
"/Users/sunshine/git/nrcp/bms/static/UEditor/third-party/codemirror/codemirror.css", "CSS", 0, 0, 0, 0, 0, 0, 0, 89, 0, 3, 13, 105
"/Users/sunshine/git/nrcp/bms/static/UEditor/third-party/codemirror/codemirror.js", "JavaScript", 0, 0, 0, 0, 3289, 0, 0, 0, 0, 173, 120, 3582
"/Users/sunshine/git/nrcp/bms/static/UEditor/third-party/highcharts/adapters/mootools-adapter.js", "JavaScript", 0, 0, 0, 0, 5, 0, 0, 0, 0, 8, 1, 14
"/Users/sunshine/git/nrcp/bms/static/UEditor/third-party/highcharts/adapters/mootools-adapter.src.js", "JavaScript", 0, 0, 0, 0, 178, 0, 0, 0, 0, 92, 44, 314
"/Users/sunshine/git/nrcp/bms/static/UEditor/third-party/highcharts/adapters/prototype-adapter.js", "JavaScript", 0, 0, 0, 0, 6, 0, 0, 0, 0, 9, 1, 16
"/Users/sunshine/git/nrcp/bms/static/UEditor/third-party/highcharts/adapters/prototype-adapter.src.js", "JavaScript", 0, 0, 0, 0, 204, 0, 0, 0, 0, 71, 42, 317
"/Users/sunshine/git/nrcp/bms/static/UEditor/third-party/highcharts/adapters/standalone-framework.js", "JavaScript", 0, 0, 0, 0, 10, 0, 0, 0, 0, 7, 1, 18
"/Users/sunshine/git/nrcp/bms/static/UEditor/third-party/highcharts/adapters/standalone-framework.src.js", "JavaScript", 0, 0, 0, 0, 409, 0, 0, 0, 0, 74, 101, 584
"/Users/sunshine/git/nrcp/bms/static/UEditor/third-party/highcharts/highcharts-more.js", "JavaScript", 0, 0, 0, 0, 43, 0, 0, 0, 0, 7, 1, 51
"/Users/sunshine/git/nrcp/bms/static/UEditor/third-party/highcharts/highcharts-more.src.js", "JavaScript", 0, 0, 0, 0, 1620, 0, 0, 0, 0, 448, 363, 2431
"/Users/sunshine/git/nrcp/bms/static/UEditor/third-party/highcharts/highcharts.js", "JavaScript", 0, 0, 0, 0, 276, 0, 0, 0, 0, 7, 1, 284
"/Users/sunshine/git/nrcp/bms/static/UEditor/third-party/highcharts/highcharts.src.js", "JavaScript", 0, 0, 0, 0, 11164, 0, 0, 0, 0, 3416, 2395, 16975
"/Users/sunshine/git/nrcp/bms/static/UEditor/third-party/highcharts/modules/annotations.js", "JavaScript", 0, 0, 0, 0, 7, 0, 0, 0, 0, 0, 1, 8
"/Users/sunshine/git/nrcp/bms/static/UEditor/third-party/highcharts/modules/annotations.src.js", "JavaScript", 0, 0, 0, 0, 290, 0, 0, 0, 0, 37, 75, 402
"/Users/sunshine/git/nrcp/bms/static/UEditor/third-party/highcharts/modules/canvas-tools.js", "JavaScript", 0, 0, 0, 0, 113, 0, 0, 0, 0, 20, 1, 134
"/Users/sunshine/git/nrcp/bms/static/UEditor/third-party/highcharts/modules/canvas-tools.src.js", "JavaScript", 0, 0, 0, 0, 2480, 0, 0, 0, 0, 253, 381, 3114
"/Users/sunshine/git/nrcp/bms/static/UEditor/third-party/highcharts/modules/data.js", "JavaScript", 0, 0, 0, 0, 9, 0, 0, 0, 0, 8, 1, 18
"/Users/sunshine/git/nrcp/bms/static/UEditor/third-party/highcharts/modules/data.src.js", "JavaScript", 0, 0, 0, 0, 340, 0, 0, 0, 0, 161, 82, 583
"/Users/sunshine/git/nrcp/bms/static/UEditor/third-party/highcharts/modules/drilldown.js", "JavaScript", 0, 0, 0, 0, 11, 0, 0, 0, 0, 0, 1, 12
"/Users/sunshine/git/nrcp/bms/static/UEditor/third-party/highcharts/modules/drilldown.src.js", "JavaScript", 0, 0, 0, 0, 342, 0, 0, 0, 0, 40, 66, 448
"/Users/sunshine/git/nrcp/bms/static/UEditor/third-party/highcharts/modules/exporting.js", "JavaScript", 0, 0, 0, 0, 14, 0, 0, 0, 0, 8, 1, 23
"/Users/sunshine/git/nrcp/bms/static/UEditor/third-party/highcharts/modules/exporting.src.js", "JavaScript", 0, 0, 0, 0, 497, 0, 0, 0, 0, 113, 100, 710
"/Users/sunshine/git/nrcp/bms/static/UEditor/third-party/highcharts/modules/funnel.js", "JavaScript", 0, 0, 0, 0, 4, 0, 0, 0, 0, 8, 1, 13
"/Users/sunshine/git/nrcp/bms/static/UEditor/third-party/highcharts/modules/funnel.src.js", "JavaScript", 0, 0, 0, 0, 178, 0, 0, 0, 0, 64, 48, 290
"/Users/sunshine/git/nrcp/bms/static/UEditor/third-party/highcharts/modules/heatmap.js", "JavaScript", 0, 0, 0, 0, 1, 0, 0, 0, 0, 0, 1, 2
"/Users/sunshine/git/nrcp/bms/static/UEditor/third-party/highcharts/modules/heatmap.src.js", "JavaScript", 0, 0, 0, 0, 43, 0, 0, 0, 0, 0, 11, 54
"/Users/sunshine/git/nrcp/bms/static/UEditor/third-party/highcharts/modules/map.js", "JavaScript", 0, 0, 0, 0, 20, 0, 0, 0, 0, 7, 1, 28
"/Users/sunshine/git/nrcp/bms/static/UEditor/third-party/highcharts/modules/map.src.js", "JavaScript", 0, 0, 0, 0, 703, 0, 0, 0, 0, 158, 142, 1003
"/Users/sunshine/git/nrcp/bms/static/UEditor/third-party/highcharts/modules/no-data-to-display.js", "JavaScript", 0, 0, 0, 0, 3, 0, 0, 0, 0, 9, 1, 13
"/Users/sunshine/git/nrcp/bms/static/UEditor/third-party/highcharts/modules/no-data-to-display.src.js", "JavaScript", 0, 0, 0, 0, 79, 0, 0, 0, 0, 31, 19, 129
"/Users/sunshine/git/nrcp/bms/static/UEditor/third-party/highcharts/themes/dark-blue.js", "JavaScript", 0, 0, 0, 0, 239, 0, 0, 0, 0, 7, 9, 255
"/Users/sunshine/git/nrcp/bms/static/UEditor/third-party/highcharts/themes/dark-green.js", "JavaScript", 0, 0, 0, 0, 239, 0, 0, 0, 0, 7, 10, 256
"/Users/sunshine/git/nrcp/bms/static/UEditor/third-party/highcharts/themes/gray.js", "JavaScript", 0, 0, 0, 0, 240, 0, 0, 0, 0, 7, 11, 258
"/Users/sunshine/git/nrcp/bms/static/UEditor/third-party/highcharts/themes/grid.js", "JavaScript", 0, 0, 0, 0, 93, 0, 0, 0, 0, 5, 6, 104
"/Users/sunshine/git/nrcp/bms/static/UEditor/third-party/highcharts/themes/skies.js", "JavaScript", 0, 0, 0, 0, 82, 0, 0, 0, 0, 5, 3, 90
"/Users/sunshine/git/nrcp/bms/static/UEditor/third-party/jquery-1.10.2.js", "JavaScript", 0, 0, 0, 0, 6649, 0, 0, 0, 0, 1596, 1545, 9790
"/Users/sunshine/git/nrcp/bms/static/UEditor/third-party/jquery-1.10.2.min.js", "JavaScript", 0, 0, 0, 0, 3, 0, 0, 0, 0, 3, 1, 7
"/Users/sunshine/git/nrcp/bms/static/UEditor/third-party/video-js/font/vjs.svg", "XML", 0, 0, 0, 0, 0, 0, 0, 0, 65, 0, 0, 65
"/Users/sunshine/git/nrcp/bms/static/UEditor/third-party/video-js/video-js.css", "CSS", 0, 0, 0, 0, 0, 0, 0, 573, 0, 177, 17, 767
"/Users/sunshine/git/nrcp/bms/static/UEditor/third-party/video-js/video-js.min.css", "CSS", 0, 0, 0, 0, 0, 0, 0, 1, 0, 4, 0, 5
"/Users/sunshine/git/nrcp/bms/static/UEditor/third-party/video-js/video.dev.js", "JavaScript", 0, 0, 0, 0, 3381, 0, 0, 0, 0, 2685, 1043, 7109
"/Users/sunshine/git/nrcp/bms/static/UEditor/third-party/video-js/video.js", "JavaScript", 0, 0, 0, 0, 129, 0, 0, 0, 0, 0, 1, 130
"/Users/sunshine/git/nrcp/bms/static/UEditor/third-party/webuploader/webuploader.css", "CSS", 0, 0, 0, 0, 0, 0, 0, 26, 0, 0, 3, 29
"/Users/sunshine/git/nrcp/bms/static/UEditor/third-party/webuploader/webuploader.custom.js", "JavaScript", 0, 0, 0, 0, 3388, 0, 0, 0, 0, 1324, 959, 5671
"/Users/sunshine/git/nrcp/bms/static/UEditor/third-party/webuploader/webuploader.custom.min.js", "JavaScript", 0, 0, 0, 0, 2, 0, 0, 0, 0, 0, 0, 2
"/Users/sunshine/git/nrcp/bms/static/UEditor/third-party/webuploader/webuploader.flashonly.js", "JavaScript", 0, 0, 0, 0, 2317, 0, 0, 0, 0, 1129, 731, 4177
"/Users/sunshine/git/nrcp/bms/static/UEditor/third-party/webuploader/webuploader.flashonly.min.js", "JavaScript", 0, 0, 0, 0, 2, 0, 0, 0, 0, 0, 0, 2
"/Users/sunshine/git/nrcp/bms/static/UEditor/third-party/webuploader/webuploader.html5only.js", "JavaScript", 0, 0, 0, 0, 3241, 0, 0, 0, 0, 1322, 997, 5560
"/Users/sunshine/git/nrcp/bms/static/UEditor/third-party/webuploader/webuploader.html5only.min.js", "JavaScript", 0, 0, 0, 0, 2, 0, 0, 0, 0, 0, 0, 2
"/Users/sunshine/git/nrcp/bms/static/UEditor/third-party/webuploader/webuploader.js", "JavaScript", 0, 0, 0, 0, 4118, 0, 0, 0, 0, 1445, 1170, 6733
"/Users/sunshine/git/nrcp/bms/static/UEditor/third-party/webuploader/webuploader.min.js", "JavaScript", 0, 0, 0, 0, 2, 0, 0, 0, 0, 0, 0, 2
"/Users/sunshine/git/nrcp/bms/static/UEditor/third-party/webuploader/webuploader.withoutimage.js", "JavaScript", 0, 0, 0, 0, 2691, 0, 0, 0, 0, 1068, 835, 4594
"/Users/sunshine/git/nrcp/bms/static/UEditor/third-party/webuploader/webuploader.withoutimage.min.js", "JavaScript", 0, 0, 0, 0, 2, 0, 0, 0, 0, 0, 0, 2
"/Users/sunshine/git/nrcp/bms/static/UEditor/third-party/xss.min.js", "JavaScript", 0, 0, 0, 0, 1, 0, 0, 0, 0, 0, 0, 1
"/Users/sunshine/git/nrcp/bms/static/UEditor/third-party/zeroclipboard/ZeroClipboard.js", "JavaScript", 0, 0, 0, 0, 1238, 0, 0, 0, 0, 8, 10, 1256
"/Users/sunshine/git/nrcp/bms/static/UEditor/third-party/zeroclipboard/ZeroClipboard.min.js", "JavaScript", 0, 0, 0, 0, 1, 0, 0, 0, 0, 8, 0, 9
"/Users/sunshine/git/nrcp/bms/static/UEditor/ueditor.all.js", "JavaScript", 0, 0, 0, 0, 20110, 0, 0, 0, 0, 6947, 2503, 29560
"/Users/sunshine/git/nrcp/bms/static/UEditor/ueditor.all.min.js", "JavaScript", 0, 0, 0, 0, 10, 0, 0, 0, 0, 7, 1, 18
"/Users/sunshine/git/nrcp/bms/static/UEditor/ueditor.config.js", "JavaScript", 0, 0, 0, 0, 133, 0, 0, 0, 0, 318, 92, 543
"/Users/sunshine/git/nrcp/bms/static/UEditor/ueditor.parse.js", "JavaScript", 0, 0, 0, 0, 839, 0, 0, 0, 0, 43, 141, 1023
"/Users/sunshine/git/nrcp/bms/static/UEditor/ueditor.parse.min.js", "JavaScript", 0, 0, 0, 0, 1, 0, 0, 0, 0, 5, 1, 7
"Total", "-", 12, 478, 2911, 16255, 94831, 100944, 1751, 8287, 87, 30232, 21838, 277626